data,id_campanha,campanha,canal,objetivo,plataforma,pais,regiao,origem_trafego,impressoes,cliques,investimento,receita,leads,leads_qualificados,clientes,emails_enviados,emails_abertos,emails_cliques,dispositivo,tipo_usuario
29/06/2025,CAMP007,YouTube Ads,Video,Aquisição,Google,brazil,sudeste,Instagram,5860,108,3940.0,2315.83,11,5,10,17023,8322,1685,,New
21/01/2025,CAMP008,Newsletter,Email,Retenção,CRM,Brasil ,Nordeste,Instagram,88104,2232,2892.85,27926.79,547,178,156,1189,957,686,mobile,returning
20/02/2025,CAMP005,Remarketing,Display,Conversão,Google,Brasil,,Google,46606,825,6175.42,7349.67,246,102,20,24483,15787,10748,Desktop,New
12/05/2025,CAMP008,Newsletter,Email,Retenção,CRM,BRA,Sudeste,YouTube,24457,788,3754.9,2628.75,242,120,41,34763,32606,29487,tablet,
21/04/2025,CAMP002,Meta Ads,Social,Aquisição,Meta,BRA,Sul,Facebook,14268,591,4004.67,11821.1,94,32,68,3568,1367,1152,mobile,returning
02/02/2025,CAMP003,Instagram,Social,Brand Awareness,Meta,Brasil,Nordeste,YouTube,17666,215,885.77,4108.01,53,22,11,36222,11837,8996,desktop,returning
11/04/2025,CAMP001,Google Ads,Search,Aquisição,Google,BR,Nordeste,Email,13110,637,3714.11,20527.73,135,72,60,24419,17868,15934,Desktop,
23/05/2025,CAMP007,YouTube Ads,Video,Aquisição,Google,BRA,Nordeste,YouTube,38827,2397,4561.88,70560.79,595,245,186,30467,29723,13931,,returning
02/04/2025,CAMP008,Newsletter,Email,Retenção,CRM,brazil,Sudeste,Facebook,26976,704,1597.39,4053.9,211,152,23,22959,5530,4744,Mobile,Returning
28/02/2025,CAMP008,Newsletter,Email,Retenção,CRM,BR,Sudeste,Facebook,98557,2017,2714.36,15105.38,299,115,148,24938,23664,1636,mobile,New
23/02/2025,CAMP002,Meta Ads,Social,Aquisição,Meta,Brasil,Sudeste,YouTube,5854,139,1671.22,1938.96,29,22,15,5931,3510,202,tablet,Returning
19/05/2025,CAMP002,Meta Ads,Social,Aquisição,Meta,BRA,Nordeste,Google,115078,1512,2186.95,22229.53,155,89,155,7546,1369,146,mobile,New
09/05/2025,CAMP008,Newsletter,Email,Retenção,CRM,BR,sudeste,Google,6802,186,6021.8,1891.48,27,16,8,42976,16371,11835,,Returning
06/02/2025,CAMP005,Remarketing,Display,Conversão,Google,BR,Nordeste,YouTube,34855,1536,2367.48,25165.52,494,364,196,13183,12915,12874,Desktop,returning
09/04/2025,CAMP008,Newsletter,Email,Retenção,CRM,Brasil,Sudeste,Google,7200,59,3634.46,315.24,15,5,2,24328,20877,3987,Desktop,returning
29/04/2025,CAMP003,Instagram,Social,Brand Awareness,Meta,BRA,Centro-Oeste,Facebook,22429,491,2646.17,21847.86,122,83,57,40790,5600,4548,Desktop,returning
18/02/2025,CAMP008,Newsletter,Email,Retenção,CRM,Brasil,Nordeste,Google,110983,2008,6207.45,89160.29,361,93,228,32216,301,180,Desktop,
09/06/2025,CAMP005,Remarketing,Display,Conversão,Google,br,Sul,Meta,11102,258,2516.56,3641.32,79,60,17,46681,7455,4014,Mobile,New
14/04/2025,CAMP001,Google Ads,Search,Aquisição,Google,BR,Nordeste,Email,111400,1758,3660.41,28387.71,339,132,157,24355,22009,19334,Desktop,new
24/05/2025,CAMP008,Newsletter,Email,Retenção,CRM,br,,YouTube,81429,4782,2534.95,26980.88,1129,304,241,23677,22841,9907,desktop,Returning
08/01/2025,CAMP005,Remarketing,Display,Conversão,Google,brazil,sudeste,Instagram,24508,575,3053.63,24175.0,76,36,66,8079,7987,6799,Mobile,returning
30/04/2025,CAMP001,Google Ads,Search,Aquisição,Google,br,,YouTube,87750,2870,1742.96,38093.81,292,141,267,2081,633,512,mobile,
09/05/2025,CAMP005,Remarketing,Display,Conversão,Google,brazil,Sudeste,YouTube,8343,312,2916.52,8533.55,28,15,26,8253,2744,1243,,Returning
24/05/2025,CAMP005,Remarketing,Display,Conversão,Google,Brasil,sudeste,Google,113761,5860,2349.03,138985.63,1496,413,584,32843,2849,2809,tablet,
16/01/2025,CAMP004,Email Black Friday,Email,Retenção,CRM,Brasil,Sul,Email,N/A,3522,5656.71,119143.64,1043,649,402,27144,4000,956,Desktop,returning
10/06/2025,CAMP001,Google Ads,Search,Aquisição,Google,br,sudeste,Meta,116783,6960,590.44,28223.34,591,178,247,28472,25351,23132,,New
15/04/2025,CAMP003,Instagram,Social,Brand Awareness,Meta,Brasil,Sudeste,Facebook,25358,373,4143.79,12106.9,103,71,32,45425,38756,18888,Desktop,New
06/04/2025,CAMP001,Google Ads,Search,Aquisição,Google,BR,,Email,64031,3677,1665.09,84632.05,1028,391,272,45912,14397,8787,desktop,returning
10/04/2025,CAMP001,Google Ads,Search,Aquisição,Google,Brasil,Nordeste,Google,21779,1364,2403.65,57149.03,358,184,141,9335,4980,3140,Desktop,returning
22/02/2025,CAMP005,Remarketing,Display,Conversão,Google,BRA,Sudeste,Email,65566,3444,6061.4,37834.48,1201,337,174,9924,4330,953,,
19/06/2025,CAMP008,Newsletter,Email,Retenção,CRM,BR,Centro-Oeste,Instagram,67856,3721,666.56,36027.64,1288,587,331,42459,26256,25086,Desktop,Returning
19/01/2025,CAMP007,YouTube Ads,Video,Aquisição,Google,brazil,Sudeste,Google,77124,2278,1729.4,38841.74,449,174,202,4709,1081,475,desktop,
23/04/2025,CAMP004,Email Black Friday,Email,Retenção,CRM,brazil,Nordeste,Facebook,28960,1665,6266.46,5384.48,569,155,92,28509,27860,11003,desktop,Returning
26/05/2025,CAMP001,Google Ads,Search,Aquisição,Google,BRA,Nordeste,Email,76726,3366,3036.34,86837.45,800,596,296,14323,1353,735,Mobile,Returning
31/03/2025,CAMP004,Email Black Friday,Email,Retenção,CRM,BRA,Centro-Oeste,Email,107023,3011,643.61,94186.38,1042,660,275,14216,6132,2508,,returning
14/05/2025,CAMP005,Remarketing,Display,Conversão,Google,BR,sudeste,Google,10713,340,5986.77,2703.36,107,59,25,2015,1824,373,desktop,
04/03/2025,CAMP002,Meta Ads,Social,Aquisição,Meta,brazil,Centro-Oeste,YouTube,N/A,4283,5473.39,105795.21,822,329,442,30189,12763,2000,desktop,
22/02/2025,CAMP007,YouTube Ads,Video,Aquisição,Google,br,Nordeste,Meta,15916,814,1680.89,6587.48,120,48,44,5544,4976,4583,Mobile,New
28/04/2025,CAMP006,Influenciadores,Influencer,Brand Awareness,Influencers,brazil,Centro-Oeste,YouTube,54922,2067,3654.61,58204.57,654,308,215,20758,15254,11470,Mobile,returning
13/04/2025,CAMP003,Instagram,Social,Brand Awareness,Meta,BRA,,Meta,86317,3727,4011.36,130145.53,856,256,439,29920,20645,9550,desktop,new
29/01/2025,CAMP005,Remarketing,Display,Conversão,Google,Brasil,Sul,Google,44811,1531,5032.63,16198.2,158,93,158,40037,36586,12015,desktop,Returning
12/05/2025,CAMP008,Newsletter,Email,Retenção,CRM,brazil,,Email,113215,3562,999999.99,156125.86,863,321,380,22969,12891,4777,,new
12/01/2025,CAMP005,Remarketing,Display,Conversão,Google,br,Nordeste,Google,23777,1402,2246.13,7384.19,147,75,39,46162,19262,4432,mobile,returning
29/06/2025,CAMP005,Remarketing,Display,Conversão,Google,Brasil,Nordeste,Email,5302,154,4075.92,2054.31,31,20,10,47391,5126,5122,Mobile,New
25/04/2025,CAMP006,Influenciadores,Influencer,Brand Awareness,Influencers,BR,Nordeste,Meta,40854,571,1307.5,14130.9,175,52,52,5632,3596,3283,desktop,new
26/05/2025,CAMP005,Remarketing,Display,Conversão,Google,Brasil,Sul,Email,31734,1310,3691.66,33530.65,304,139,120,20123,15679,1761,,
02/02/2025,CAMP001,Google Ads,Search,Aquisição,Google,brazil,Nordeste,YouTube,32285,672,3247.59,12924.73,69,47,35,14046,8434,2590,Mobile,Returning
16/03/2025,CAMP004,Email Black Friday,Email,Retenção,CRM,br,,Instagram,92886,5069,1235.14,65463.14,1677,932,406,47514,22700,6469,desktop,Returning
20/01/2025,CAMP001,Google Ads,Search,Aquisição,Google,br,Centro-Oeste,Meta,41976,1603,5025.4,15684.05,347,264,143,48362,20128,12977,Desktop,New
17/06/2025,CAMP005,Remarketing,Display,Conversão,Google,BRA,sudeste,YouTube,39387,886,4977.45,21471.31,183,87,76,41752,17988,12219,tablet,returning
11/06/2025,CAMP001,Google Ads,Search,Aquisição,Google,brazil,Centro-Oeste,Facebook,89555,2652,4732.14,28616.6,771,543,297,31523,23325,21204,desktop,New
12/05/2025,CAMP006,Influenciadores,Influencer,Brand Awareness,Influencers,BR,Sudeste,Google,21984,1275,5335.41,16280.72,231,116,71,22526,4670,2190,mobile,New
22/02/2025,CAMP006,Influenciadores,Influencer,Brand Awareness,Influencers,Brasil,Nordeste,Email,41455,872,2890.2,11975.76,241,152,62,6788,5408,2035,,new
04/06/2025,CAMP001,Google Ads,Search,Aquisição,Google,BRA,Centro-Oeste,Email,87870,1419,4684.31,12645.64,402,123,51,30486,6371,5996,tablet,Returning
22/06/2025,CAMP004,Email Black Friday,Email,Retenção,CRM,br,,Facebook,25609,222,3740.98,5499.52,53,37,23,44879,10789,6166,Desktop,New
14/04/2025,CAMP005,Remarketing,Display,Conversão,Google,BR,Nordeste,Meta,114777,4918,5687.99,32944.38,1143,723,441,39727,126,105,mobile,returning
09/02/2025,CAMP005,Remarketing,Display,Conversão,Google,BR,sudeste,Instagram,73904,4490,869.06,"R$ 115742,04",1376,438,279,35622,2708,1332,mobile,
18/06/2025,CAMP002,Meta Ads,Social,Aquisição,Meta,Brasil,Sul,YouTube,45738,1403,5991.08,19775.76,243,159,100,46994,41914,4971,mobile,Returning
29/03/2025,CAMP006,Influenciadores,Influencer,Brand Awareness,Influencers,brazil,Sudeste,Google,51240,1468,4164.88,9374.18,380,132,111,38011,24917,21566,tablet,returning
03/03/2025,CAMP003,Instagram,Social,Brand Awareness,Meta,BR,sudeste,YouTube,7079,245,2548.56,6924.21,58,23,19,29865,6645,5083,,returning
12/05/2025,CAMP007,YouTube Ads,Video,Aquisição,Google,br,Centro-Oeste,Google,60168,1628,4933.11,6385.56,524,282,155,17438,7643,1823,mobile,returning
13/03/2025,CAMP008,Newsletter,Email,Retenção,CRM,BRA,Centro-Oeste,YouTube,61373,1677,5785.37,33660.67,460,318,204,10503,2538,451,tablet,New
15/03/2025,CAMP007,YouTube Ads,Video,Aquisição,Google,br,Sul,Instagram,21032,417,1302.12,1947.64,80,59,32,23419,19978,4841,Desktop,
15/06/2025,CAMP005,Remarketing,Display,Conversão,Google,BR,sudeste,Facebook,6279,247,2019.86,6037.11,70,22,15,20063,2106,127,mobile,new
25/01/2025,CAMP008,Newsletter,Email,Retenção,CRM,BR,,Meta,65774,1343,2827.82,13872.1,433,272,133,32889,26665,5475,mobile,
02/05/2025,CAMP001,Google Ads,Search,Aquisição,Google,brazil,Nordeste,YouTube,83411,1648,1019.22,10036.16,520,300,135,48924,8646,2969,Mobile,New
23/02/2025,CAMP004,Email Black Friday,Email,Retenção,CRM,br,,YouTube,66120,841,1707.97,13803.43,132,58,65,12046,9442,1333,tablet,new
05/02/2025,CAMP002,Meta Ads,Social,Aquisição,Meta,BR,Sudeste,Email,79478,1823,476.55,35075.8,439,190,141,2524,2120,1040,desktop,New
08/02/2025,CAMP001,Google Ads,Search,Aquisição,Google,br,Sudeste,Google,29354,1605,4561.32,27259.64,384,172,158,5090,3004,1040,Desktop,returning
29/05/2025,CAMP008,Newsletter,Email,Retenção,CRM,BR,sudeste,Email,16344,744,5542.39,10717.66,157,58,65,47617,27935,4873,,New
14/01/2025,CAMP007,YouTube Ads,Video,Aquisição,Google,Brasil,sudeste,Google,42198,2015,6019.92,38144.86,674,344,199,26510,19426,4497,,returning
14/02/2025,CAMP004,Email Black Friday,Email,Retenção,CRM,br,Sudeste,Email,83945,4906,2950.55,75263.67,1150,796,346,16317,920,396,Mobile,Returning
24/02/2025,CAMP006,Influenciadores,Influencer,Brand Awareness,Influencers,brazil,,Email,57393,3698,1327.75,11580.12,1226,353,55,46084,29629,18416,Desktop,new
01/05/2025,CAMP008,Newsletter,Email,Retenção,CRM,brazil,,Google,N/A,1424,3468.0,23357.04,115,58,71,35801,32913,25280,mobile,new
20/05/2025,CAMP008,Newsletter,Email,Retenção,CRM,BRA,Nordeste,Facebook,113730,7068,717.76,152942.47,2243,1726,689,35636,14561,7878,Desktop,
23/02/2025,CAMP007,YouTube Ads,Video,Aquisição,Google,BR,Sudeste,Facebook,46844,2592,448.1,14951.95,233,180,101,16876,8245,7214,Desktop,New
02/03/2025,CAMP001,Google Ads,Search,Aquisição,Google,brazil,sudeste,Facebook,47874,1464,4569.73,18260.8,439,163,138,11222,10568,4675,mobile,returning
29/01/2025,CAMP003,Instagram,Social,Brand Awareness,Meta,Brasil,Centro-Oeste,Meta,70160,738,374.93,14774.56,244,159,77,41059,33742,4133,Mobile,
25/06/2025,CAMP004,Email Black Friday,Email,Retenção,CRM,brazil,Centro-Oeste,Google,8020,473,540.63,21290.54,103,77,56,12303,6183,3930,,returning
17/06/2025,CAMP008,Newsletter,Email,Retenção,CRM,brazil,Sul,Email,72675,4104,4648.1,158594.27,1101,687,435,3469,699,6,Mobile,new
31/01/2025,CAMP003,Instagram,Social,Brand Awareness,Meta,brazil,,Facebook,52638,436,1601.77,17114.17,44,24,44,27123,294,223,mobile,new
14/04/2025,CAMP001,Google Ads,Search,Aquisição,Google,BRA,,Email,36966,1089,5348.61,2102.43,170,44,17,14281,12094,1435,tablet,Returning
06/04/2025,CAMP004,Email Black Friday,Email,Retenção,CRM,brazil,Nordeste,Instagram,50539,599,4646.89,2778.28,142,62,28,3353,3341,703,desktop,returning
05/05/2025,CAMP004,Email Black Friday,Email,Retenção,CRM,BRA,Sudeste,Facebook,32083,301,2204.92,1230.69,86,53,19,27029,13025,3356,tablet,new
15/01/2025,CAMP007,YouTube Ads,Video,Aquisição,Google,brazil,Centro-Oeste,Facebook,46846,2580,5483.66,40788.41,366,117,119,45413,28087,988,Desktop,returning
11/05/2025,CAMP001,Google Ads,Search,Aquisição,Google,Brasil,Nordeste,YouTube,10626,332,1610.21,5488.4,36,21,36,39158,23019,18639,mobile,new
22/02/2025,CAMP005,Remarketing,Display,Conversão,Google,BR,,YouTube,13711,712,4982.5,21382.79,82,21,73,16251,7725,526,mobile,Returning
09/01/2025,CAMP004,Email Black Friday,Email,Retenção,CRM,Brasil,Centro-Oeste,Google,109101,109101,,13738.66,544,265,170,37935,26589,17773,mobile,Returning
18/06/2025,CAMP006,Influenciadores,Influencer,Brand Awareness,Influencers,br,sudeste,Instagram,35087,1729,1076.61,18506.86,404,105,161,31811,16019,2720,mobile,New
02/02/2025,CAMP001,Google Ads,Search,Aquisição,Google,BRA,Sudeste,Facebook,117360,3284,648.97,12897.23,380,213,105,17369,3041,105,tablet,returning
14/05/2025,CAMP003,Instagram,Social Media,Brand Awareness,Meta,Brasil,Nordeste,Instagram,88976,5459,3587.23,35639.94,1720,1105,608,14629,12398,8442,,New
03/06/2025,CAMP006,Influenciadores,Influencer,Brand Awareness,Influencers,Brasil,,Instagram,38662,1727,4795.59,13038.26,166,64,121,14612,1266,121,tablet,
22/02/2025,CAMP007,YouTube Ads,Video,Aquisição,Google,BR,Nordeste,Google,75326,790,282.47,7552.74,134,73,28,15025,8946,6236,,
24/01/2025,CAMP007,YouTube Ads,Social Media,Aquisição,Google,br,sudeste,Instagram,79131,3469,5025.05,80275.48,786,418,319,26849,22015,12003,,New
25/04/2025,CAMP003,Instagram,Social,Brand Awareness,Meta,BRA,,YouTube,50241,3014,4105.84,32715.08,837,269,136,24279,12765,11561,Mobile,
15/06/2025,CAMP005,Remarketing,Display,Conversão,Google,Brasil,Centro-Oeste,Email,9648,213,2977.69,5610.83,37,21,22,27616,24603,2113,mobile,Returning
13/06/2025,CAMP008,Newsletter,Email,Retenção,CRM,BRA,Sul,Instagram,17588,378,5761.56,3224.04,64,31,15,20816,9472,6276,mobile,new
28/04/2025,CAMP008,Newsletter,Email,Retenção,CRM,Brasil,Centro-Oeste,Instagram,76635,2270,2415.25,46528.14,660,421,178,18774,1742,619,Mobile,New
06/02/2025,CAMP001,Google Ads,Search,Aquisição,Google,brazil,sudeste,Facebook,N/A,1052,1576.85,12143.51,109,33,86,26611,20969,8467,desktop,New
19/02/2025,CAMP001,Google Ads,Search,Aquisição,Google,br,Nordeste,Meta,66212,3805,3424.03,58597.47,989,323,238,33556,12595,1969,tablet,new
08/01/2025,CAMP007,YouTube Ads,Video,Aquisição,Google,BR,Nordeste,Facebook,28196,938,1274.9,31233.79,287,220,108,29625,15504,7705,mobile,Returning
01/01/2025,CAMP001,Google Ads,Search,Aquisição,Google,brazil,Sudeste,Email,36890,2273,4385.27,63812.13,395,133,231,6704,3232,1112,tablet,new
09/03/2025,CAMP003,Instagram,Social,Brand Awareness,Meta,BR,Centro-Oeste,Google,119044,6144,2932.39,266276.26,1947,826,689,4712,1367,821,Desktop,New
23/05/2025,CAMP007,YouTube Ads,Video,Aquisição,Google,br,,Google,14108,14108,3937.68,7966.01,83,21,30,12207,7117,2889,desktop,
13/03/2025,CAMP002,Meta Ads,Social,Aquisição,Meta,br,Nordeste,Facebook,40631,2287,5317.42,29609.16,274,147,253,47819,43790,8234,desktop,
31/05/2025,CAMP005,Remarketing,Display,Conversão,Google,brazil,Nordeste,YouTube,69106,582,5852.49,7813.63,192,54,48,38650,6012,963,desktop,
05/06/2025,CAMP007,YouTube Ads,Video,Aquisição,Google,BR,sudeste,Email,N/A,1480,4706.99,7774.84,508,356,146,35054,29734,7052,Mobile,Returning
28/04/2025,CAMP004,Email Black Friday,Email,Retenção,CRM,br,sudeste,Google,105102,5727,3493.27,36636.88,462,277,310,10435,3097,520,tablet,New
01/06/2025,CAMP008,Newsletter,Email,Retenção,CRM,brazil,Sudeste,Facebook,106529,2404,4797.93,41372.72,628,436,232,4040,1462,241,Desktop,New
29/04/2025,CAMP001,Google Ads,Search,Aquisição,Google,br,Sul,Email,85532,1150,4226.52,5728.24,261,98,33,40420,7421,5016,Mobile,returning
28/04/2025,CAMP002,Meta Ads,Social,Aquisição,Meta,BRA,Centro-Oeste,Google,93700,4582,6444.48,49585.28,495,320,401,26766,6764,5101,Desktop,returning
16/05/2025,CAMP001,Google Ads,Search,Aquisição,Google,br,Sul,YouTube,59624,1247,590.84,16671.22,122,84,65,15484,11015,7397,Desktop,
03/01/2025,CAMP002,Meta Ads,Social,Aquisição,Meta,brazil,Centro-Oeste,Email,79069,3649,4352.68,117296.17,1011,511,435,45843,30137,28195,mobile,New
07/06/2025,CAMP006,Influenciadores,Influencer,Brand Awareness,Influencers,BRA,Nordeste,Google,103936,5700,2060.42,35571.35,1186,546,114,49231,29301,26116,mobile,
30/05/2025,CAMP004,Email Black Friday,Email,Retenção,CRM,BR,Centro-Oeste,Meta,61273,3241,4013.89,86295.17,398,113,342,6782,6257,1601,desktop,new
16/03/2025,CAMP001,Google Ads,Search,Aquisição,Google,br,,Meta,43067,1031,5695.69,15794.98,301,170,117,25819,4107,560,tablet,returning
07/06/2025,CAMP006,Influenciadores,Influencer,Brand Awareness,Influencers,BR,sudeste,Google,78165,4216,,44295.17,796,274,412,8373,5907,4361,tablet,new
05/04/2025,CAMP004,Email Black Friday,Email,Retenção,CRM,BR ,Nordeste,Email,10901,173,5416.26,3383.29,58,40,19,49519,35732,17347,Desktop,Returning
08/05/2025,CAMP008,Newsletter,Email,Retenção,CRM,Brasil,Centro-Oeste,Facebook,16871,706,5713.27,13954.87,218,54,80,38947,27286,6610,Mobile,New
10/05/2025,CAMP001,Google Ads,Search,Aquisição,Google,BRA,Sudeste,Instagram,60677,3926,4563.47,33984.97,567,186,82,29861,28141,9074,Desktop,new
13/04/2025,CAMP005,Remarketing,Display,Conversão,Google,BRA,,YouTube,39171,997,3496.71,17989.47,114,84,80,15818,14854,14490,tablet,
13/05/2025,CAMP006,Influenciadores,Influencer,Brand Awareness,Influencers,brazil,Centro-Oeste,Meta,66949,1484,2807.99,14994.74,351,219,53,26476,22740,14828,tablet,
13/06/2025,CAMP008,Newsletter,Email,Retenção,CRM,Brasil,Sudeste,Email,46424,661,3035.3,17252.83,70,36,47,38487,28411,593,Desktop,
11/02/2025,CAMP006,Influenciadores,Influencer,Brand Awareness,Influencers,BRA,Centro-Oeste,Instagram,60316,3770,798.65,33131.13,1261,876,164,43080,23561,20281,desktop,New
26/06/2025,CAMP008,Newsletter,Email,Retenção,CRM,Brasil,Sudeste,Email,54230,3183,5753.62,22955.29,1103,544,198,29758,3456,407,Desktop,
27/02/2025,CAMP008,Newsletter,Email,Retenção,CRM,br,,Instagram,15142,377,5069.05,5792.45,49,16,19,40261,10759,5439,mobile,new
27/06/2025,CAMP001,Google Ads,Search,Aquisição,Google,br,,Email,96074,1433,5068.92,34077.73,319,87,114,35964,20131,5978,tablet,Returning
11/01/2025,CAMP002,Meta Ads,Social,Aquisição,Meta,BRA,Centro-Oeste,Instagram,21905,597,1576.31,13837.96,117,57,67,28413,12275,2461,desktop,new
29/05/2025,CAMP008,Newsletter,Email,Retenção,CRM,BRA,Sul,YouTube,82794,3831,5733.36,30887.48,869,521,184,16997,14215,301,,returning
22/01/2025,CAMP001,Google Ads,Search,Aquisição,Google,brazil,Centro-Oeste,Google,28387,296,986.48,2941.5,89,32,12,21567,10517,3754,desktop,returning
06/06/2025,CAMP007,YouTube Ads,Video,Aquisição,Google,BRA,Sul,Meta,34725,2006,4983.12,22045.59,410,104,164,26860,16898,16832,Mobile,returning
10/01/2025,CAMP001,Google Ads,Search,Aquisição,Google,BR,,YouTube,39196,1951,1343.96,31128.77,568,315,155,20033,10805,3083,mobile,New
01/05/2025,CAMP005,Remarketing,Display,Conversão,Google,Brasil,sudeste,Email,20379,542,2090.59,6048.98,189,85,31,43003,18313,14871,,
13/04/2025,CAMP006,Influenciadores,Influencer,Brand Awareness,Influencers,br,,Meta,64796,625,1301.38,4236.18,117,85,34,4586,4431,2947,desktop,Returning
27/05/2025,CAMP004,Email Black Friday,Email,Retenção,CRM,BR,Sudeste,Meta,115384,115384,4565.89,52043.87,1763,644,362,11258,8623,5469,Desktop,new
16/02/2025,CAMP003,Instagram,Social,Brand Awareness,Meta,BR,sudeste,Email,116562,5806,1251.6,79830.62,1242,432,269,31254,18509,16230,mobile,Returning
18/05/2025,CAMP005,Remarketing,Display,Conversão,Google,brazil,Centro-Oeste,Instagram,39865,694,3869.89,17043.58,186,141,76,18833,5017,4676,mobile,
05/01/2025,CAMP002,Meta Ads,Social,Aquisição,Meta,BRA,Sudeste,Instagram,N/A,1777,,10200.67,351,228,121,14493,685,363,mobile,Returning
07/06/2025,CAMP005,Remarketing,Display,Conversão,Google,brazil,,Instagram,6431,72,1811.83,491.92,23,8,3,35782,9833,7896,mobile,
17/04/2025,CAMP004,Email Black Friday,Email,Retenção,CRM,brazil,sudeste,Meta,7643,331,2346.59,4491.95,95,28,24,8927,1171,943,Desktop,new
27/02/2025,CAMP005,Remarketing,Display,Conversão,Google,BRA,sudeste,Google,33228,1504,3739.85,12600.06,515,301,97,26000,6304,4724,,new
01/06/2025,CAMP001,Google Ads,Search,Aquisição,Google,brazil,Centro-Oeste,Meta,102852,2156,3595.17,42948.89,491,288,123,44617,3648,2889,,new
15/03/2025,CAMP002,Meta Ads,Social,Aquisição,Meta,BR,Centro-Oeste,Instagram,70633,4035,4907.95,45593.94,1180,367,255,17994,1727,242,Mobile,Returning
26/04/2025,CAMP006,Influenciadores,Influencer,Brand Awareness,Influencers,BR,,Facebook,35933,324,4338.65,1214.56,48,36,15,40961,29118,2113,Desktop,new
06/01/2025,CAMP002,Meta Ads,Social,Aquisição,Meta,brazil,Centro-Oeste,Google,69166,3142,2565.67,109299.15,1069,387,318,34243,21800,10403,,New
01/03/2025,CAMP002,Meta Ads,Social,Aquisição,Meta,BRA,,YouTube,34139,1358,4045.55,8951.99,437,149,60,20584,612,612,,returning
17/05/2025,CAMP008,Newsletter,Email,Retenção,CRM,Brasil,Centro-Oeste,Google,67987,3410,6426.44,40428.64,385,249,165,34691,1125,246,desktop,new
25/01/2025,CAMP004,Email Black Friday,Email,Retenção,CRM,Brasil,sudeste,Instagram,97051,-50,4795.0,19114.77,1777,1244,522,31930,16299,7544,Desktop,new
11/05/2025,CAMP005,Remarketing,Display,Conversão,Google,br,sudeste,Facebook,5587,151,4671.29,1804.16,16,6,5,46096,6450,5038,mobile,new
18/04/2025,CAMP005,Remarketing,Display,Conversão,Google,BRA,Nordeste,Google,23058,1293,347.58,17562.09,140,59,53,2958,2501,2248,desktop,Returning
02/06/2025,CAMP002,Meta Ads,Social,Aquisição,Meta,br,Sul,Google,68278,1734,360.75,11733.87,444,340,199,34160,29516,23758,,returning
31/05/2025,CAMP003,Instagram,Social,Brand Awareness,Meta,BRAZIL,Sudeste,YouTube,63810,914,3073.28,20941.29,208,95,60,13109,5626,595,Mobile,new
20/04/2025,CAMP003,Instagram,Social,Brand Awareness,Meta,BRA,,YouTube,20282,1117,5480.58,40553.53,276,153,98,30304,17915,13074,tablet,
17/06/2025,CAMP004,Email Black Friday,Email,Retenção,CRM,BRA,sudeste,Google,48472,1056,3126.68,3101.31,255,105,31,33808,5827,67,tablet,new
07/05/2025,CAMP008,Newsletter,Email,Retenção,CRM,BRA,Centro-Oeste,Facebook,75910,948,5195.57,3487.94,225,179,103,31462,17044,13615,Desktop,new
17/05/2025,CAMP005,Remarketing,Display,Conversão,Google,BR,Sul,Meta,51403,2956,6219.49,5667.09,790,233,141,7317,6702,526,Desktop,
21/01/2025,CAMP006,Influenciadores,Influencer,Brand Awareness,Influencers,Brasil,Sudeste,Google,94906,3167,4211.5,95785.35,365,138,309,9770,193,161,,new
25/05/2025,CAMP002,Meta Ads,Social,Aquisição,Meta,brazil,Nordeste,Google,11716,409,1039.15,1392.93,140,60,23,31119,8333,5410,tablet,
18/02/2025,CAMP006,Influenciadores,Influencer,Brand Awareness,Influencers,BR,Sudeste,Email,22709,245,5508.92,4421.72,50,24,25,32337,5482,2429,mobile,new
29/03/2025,CAMP001,Google Ads,Search,Aquisição,Google,brazil,Nordeste,Email,64156,1775,5701.31,"R$ 29984,51",478,380,121,45199,8210,6132,mobile,
13/04/2025,CAMP002,Meta Ads,Social,Aquisição,Meta,BRA,,Google,104291,5716,4191.15,8375.2,854,241,108,24377,13969,4033,Desktop,New
27/05/2025,CAMP005,Remarketing,Display,Conversão,Google,Brasil,Centro-Oeste,Meta,39542,1260,600.9,12656.82,221,169,118,21584,16585,1842,,New
28/04/2025,CAMP003,Instagram,Social,Brand Awareness,Meta,BR,,Instagram,69200,2969,4747.23,38232.8,960,275,316,7439,6401,5200,desktop,returning
24/02/2025,CAMP001,Google Ads,Search,Aquisição,Google,Brasil,Centro-Oeste,Google,94900,2919,5280.94,49413.3,601,420,322,11516,1130,419,tablet,New
18/04/2025,CAMP006,Influenciadores,Influencer,Brand Awareness,Influencers,BR,sudeste,Instagram,47849,47849,3828.34,30097.96,152,112,89,2141,1635,1403,tablet,Returning
25/02/2025,CAMP005,Remarketing,Display,Conversão,Google,BR,,Email,26312,729,311.59,6590.75,183,80,22,29797,14730,13104,Mobile,Returning
06/03/2025,CAMP008,Newsletter,Email,Retenção,CRM,Brasil,Sul,Meta,22438,1059,3233.49,2770.24,229,178,60,43138,7597,6133,desktop,New
28/02/2025,CAMP006,Influenciadores,Influencer,Brand Awareness,Influencers,BR,Centro-Oeste,YouTube,58161,3449,6220.08,17367.63,1103,641,361,19800,14973,5619,Desktop,
18/02/2025,CAMP005,Remarketing,Display,Conversão,Google,BRA,Centro-Oeste,Instagram,6932,269,5443.68,5743.75,43,16,25,1340,941,382,desktop,Returning
09/05/2025,CAMP003,Instagram,Social,Brand Awareness,Meta,Brasil,Centro-Oeste,Email,104931,4326,1105.81,185287.23,588,400,518,35919,9429,6905,Desktop,
11/04/2025,CAMP001,Google Ads,Search,Aquisição,Google,brazil,Sudeste,Instagram,113707,6787,3915.64,55605.4,1190,597,196,45789,26086,16859,mobile,New
11/03/2025,CAMP004,Email Black Friday,Email,Retenção,CRM,Brasil,Sul,Google,102808,6384,744.82,147754.76,1358,565,439,29064,24509,13527,desktop,New
28/06/2025,CAMP001,Google Ads,Search,Aquisição,Google,brazil,Sudeste,Google,60220,3848,5404.75,75466.56,903,700,222,49456,34631,16499,mobile,new
13/03/2025,CAMP008,Newsletter,Email,Retenção,CRM,Brasil,,Meta,85018,2191,345.52,37339.23,305,199,105,37188,5845,4778,Mobile,
18/06/2025,CAMP008,Newsletter,Email,Retenção,CRM,brazil,Sudeste,Email,57887,2881,5188.05,84607.49,386,307,203,11886,1088,24,tablet,
08/05/2025,CAMP004,Email Black Friday,Email,Retenção,CRM,Brasil,Sul,Facebook,46160,2385,4046.39,27201.02,504,147,247,9605,2014,1381,,Returning
22/06/2025,CAMP005,Remarketing,Display,Conversão,Google,br,sudeste,Meta,15207,184,3468.36,3818.9,21,11,21,41591,15717,7355,tablet,Returning
08/02/2025,CAMP002,Meta Ads,Social,Aquisição,Meta,brazil,Sul,Email,73487,1813,1840.17,4899.39,430,306,129,23173,436,268,desktop,new
31/01/2025,CAMP001,Google Ads,Search,Aquisição,Google,brazil,,YouTube,81112,3976,3032.56,151259.78,913,548,421,32921,16237,9203,Desktop,
08/01/2025,CAMP003,Instagram,Social,Brand Awareness,Meta,br,sudeste,YouTube,76121,2350,5750.65,26646.26,645,257,90,47520,23545,18268,,new
29/03/2025,CAMP007,YouTube Ads,Video,Aquisição,Google,brazil,Sul,Google,63161,2186,6121.85,11893.56,724,510,110,6793,4523,818,,Returning
14/06/2025,CAMP003,Instagram,Social,Brand Awareness,Meta,brazil,Sudeste,Instagram,113944,5373,2611.57,105948.81,1450,365,359,13180,234,12,desktop,new
24/06/2025,CAMP004,Email Black Friday,Email,Retenção,CRM,br,,Facebook,59040,1475,5114.58,"R$ 11362,41",137,61,38,19971,1378,1326,Desktop,new
13/01/2025,CAMP004,Email Black Friday,Email,Retenção,CRM,brazil,Centro-Oeste,Meta,7257,286,4719.8,3299.12,90,58,27,28747,10860,10070,mobile,Returning
03/01/2025,CAMP002,Meta Ads,Social,Aquisição,Meta,br,Centro-Oeste,Instagram,67491,4289,4481.93,20808.0,1013,300,87,8480,4213,2101,tablet,New
13/01/2025,CAMP006,Influenciadores,Influencer,Brand Awareness,Influencers,Brasil,Sudeste,Instagram,25132,1506,4654.58,62404.18,155,101,155,37021,24087,12828,Mobile,Returning
06/03/2025,CAMP002,Meta Ads,Social,Aquisição,Meta,brazil,Sudeste,Google,25307,858,1545.76,4489.78,267,151,36,49861,30116,15493,Mobile,Returning
06/05/2025,CAMP001,Google Ads,Search,Aquisição,Google,brazil,,Facebook,11155,90,4255.01,1644.9,27,7,4,46280,27606,15064,Desktop,returning
06/06/2025,CAMP005,Remarketing,Display,Conversão,Google,br,Sul,Instagram,97769,4144,529.2,82640.04,982,780,268,27423,10847,9171,,new
28/02/2025,CAMP001,Google Ads,Search,Aquisição,Google,Brasil,Sul,Google,51169,980,4102.33,10023.83,231,76,42,14379,5102,3483,mobile,Returning
26/02/2025,CAMP006,Influenciadores,Influencer,Brand Awareness,Influencers,Brasil,sudeste,Email,23990,274,4532.11,9117.35,58,21,23,35464,11185,10661,Mobile,
14/05/2025,CAMP006,Influenciadores,Influencer,Brand Awareness,Influencers,Brasil,Nordeste,Google,69805,4253,,56945.79,866,483,403,44527,11691,492,mobile,returning
19/02/2025,CAMP005,Remarketing,Display,Conversão,Google,Brasil,Centro-Oeste,Google,113042,3429,841.47,85369.86,735,348,288,11685,7160,5451,Mobile,returning
24/02/2025,CAMP007,YouTube Ads,Video,Aquisição,Google,BR ,,Instagram,35873,315,4798.98,6422.85,84,39,32,6366,519,140,,new
08/02/2025,CAMP003,Instagram,Social,Brand Awareness,Meta,Brasil,Centro-Oeste,Meta,36312,627,5049.83,11482.73,52,13,46,4583,4009,3326,Desktop,New
25/06/2025,CAMP007,YouTube Ads,Video,Aquisição,Google,brazil,Sudeste,Facebook,10722,240,2707.55,3457.61,19,14,9,20702,2176,600,Desktop,Returning
04/04/2025,CAMP005,Remarketing,Display,Conversão,Google,BRA,sudeste,Facebook,111082,6909,2417.72,181534.21,1020,571,522,16417,14188,13715,desktop,new
13/05/2025,CAMP001,Google Ads,Search,Aquisição,Google,BRA,sudeste,Email,39681,2480,4465.14,11734.7,487,314,135,23626,10521,1132,tablet,Returning
16/04/2025,CAMP007,YouTube Ads,Video,Aquisição,Google,Brasil,Centro-Oeste,Google,13275,482,3903.68,2435.87,81,58,17,29152,20954,16654,desktop,returning
13/06/2025,CAMP008,Newsletter,Email,Retenção,CRM,brazil,,Google,67433,3514,5387.4,46469.0,720,197,182,44884,999999,4958,mobile,
23/02/2025,CAMP001,Google Ads,EMAIL,Aquisição,Google,Brasil,Nordeste,Google,108749,1208,1585.9,25863.29,195,73,141,23318,10179,3109,tablet,
27/02/2025,CAMP007,YouTube Ads,Video,Aquisição,Google,brazil,,Email,62649,3700,1755.37,64263.84,421,183,373,21195,11814,11791,mobile,returning
31/01/2025,CAMP007,YouTube Ads,Video,Aquisição,Google,BR,Sul,Email,69425,3362,5107.01,30354.62,1133,309,109,29483,22063,13422,tablet,new
20/02/2025,CAMP001,Google Ads,Search,Aquisição,Google,BR,Sudeste,Meta,82603,5239,1159.81,45911.63,558,386,325,14689,166,125,desktop,new
14/03/2025,CAMP005,Remarketing,Display,Conversão,Google,br,Nordeste,Instagram,26644,537,1149.02,5418.78,153,94,45,38055,12112,7106,Mobile,new
12/02/2025,CAMP003,Instagram,Social,Brand Awareness,Meta,Brasil,Centro-Oeste,Google,39675,598,4061.04,21636.16,63,35,59,5997,992,944,tablet,returning
14/05/2025,CAMP008,Newsletter,Email,Retenção,CRM,Brasil,sudeste,Facebook,104303,1900,3659.69,40387.71,219,158,188,17835,17266,10758,desktop,New
13/03/2025,CAMP004,Email Black Friday,Email,Retenção,CRM,Brasil,Sudeste,YouTube,77827,1451,2630.83,3482.05,277,211,77,39811,6989,6261,Mobile,new
03/05/2025,CAMP003,Instagram,Social,Brand Awareness,Meta,BRA,Centro-Oeste,Meta,31049,611,6386.01,11446.15,169,53,33,25703,5941,4855,Mobile,new
16/05/2025,CAMP001,Google Ads,Search,Aquisição,Google,BRA,Sul,Facebook,59845,2248,6313.8,9007.76,424,278,139,15256,3802,1712,Mobile,New
04/02/2025,CAMP001,Google Ads,Search,Aquisição,Google,BRA,Nordeste,Facebook,46167,2029,4530.1,18954.22,488,168,147,23547,16346,2600,Desktop,returning
07/03/2025,CAMP007,YouTube Ads,Video,Aquisição,Google,BR,Sul,Meta,35109,1564,2520.2,37758.57,315,195,139,37963,18689,7619,mobile,New
20/03/2025,CAMP005,Remarketing,Display,Conversão,Google,BR,Nordeste,Facebook,53442,2671,1436.72,"R$ 80296,63",719,448,287,38164,13318,816,mobile,New
14/03/2025,CAMP004,Email Black Friday,Email,Retenção,CRM,BR,Nordeste,Instagram,86132,3719,1513.14,105297.76,797,524,344,8674,1364,1150,tablet,returning
04/06/2025,CAMP001,Google Ads,Search,Aquisição,Google,BR,Sudeste,YouTube,95009,6155,3622.66,73927.12,1657,600,286,44764,1134,1070,tablet,returning
03/02/2025,CAMP008,Newsletter,Email,Retenção,CRM,Brasil,Nordeste,Facebook,117935,3328,1517.44,56036.49,800,363,198,2361,1573,638,tablet,returning
12/04/2025,CAMP002,Meta Ads,Social,Aquisição,Meta,BRA,Sudeste,YouTube,102088,2290,2001.0,92696.22,447,162,271,17678,5488,4027,tablet,new
25/02/2025,CAMP002,Meta Ads,Social,Aquisição,Meta,br,sudeste,YouTube,90178,3056,1727.24,79324.46,597,294,248,6668,1358,91,desktop,New
04/01/2025,CAMP001,Google Ads,Search,Aquisição,Google,brazil,Centro-Oeste,Email,102493,3756,3268.46,30826.97,407,272,96,31449,8312,7552,mobile,New
21/01/2025,CAMP004,Email Black Friday,Email,Retenção,CRM,BR,Centro-Oeste,Email,54393,3168,4500.6,37379.89,500,210,318,27935,21225,3606,Mobile,Returning
02/06/2025,CAMP008,Newsletter,Email,Retenção,CRM,BR,,Facebook,100980,2579,6200.38,54652.44,453,239,286,31816,23408,6972,tablet,returning
30/05/2025,CAMP007,YouTube Ads,Video,Aquisição,Google,brazil,,Instagram,105776,6024,5470.72,192685.56,1699,835,518,47364,27886,1700,tablet,new
14/04/2025,CAMP007,YouTube Ads,Video,Aquisição,Google,br,Nordeste,Facebook,91465,3504,2034.6,90574.52,606,289,343,42458,23501,21113,Desktop,New
28/01/2025,CAMP001,Google Ads,Search,Aquisição,Google,BR,Sul,Facebook,97365,1705,1849.27,13394.91,481,271,174,9328,3360,3005,Mobile,New
06/06/2025,CAMP001,Google Ads,Search,Aquisição,Google,br,Sudeste,Email,96057,2561,3803.85,16192.7,858,543,216,28964,11164,4390,tablet,New
07/01/2025,CAMP001,Google Ads,Search,Aquisição,Google,br,Nordeste,Google,35009,1293,265.09,26564.87,127,64,76,37468,30698,10655,,Returning
30/04/2025,CAMP001,Google Ads,Search,Aquisição,Google,Brasil,Sul,Email,64191,3572,5505.12,88420.52,607,416,361,5434,658,428,,new
26/05/2025,CAMP008,Newsletter,Email,Retenção,CRM,br,sudeste,Email,48442,1163,416.61,10203.83,150,98,56,31835,11064,4780,tablet,Returning
03/05/2025,CAMP008,Newsletter,Email,Retenção,CRM,Brasil,,Facebook,96881,2548,2375.81,20046.15,251,113,97,23387,2890,2666,Mobile,new
02/04/2025,CAMP001,Google Ads,Search,Aquisição,Google,Brasil,Centro-Oeste,Facebook,5670,305,3632.46,2975.33,87,49,29,33172,11577,3792,Desktop,
12/03/2025,CAMP003,Instagram,Social,Brand Awareness,Meta,br,Centro-Oeste,Email,40931,782,4912.36,32659.01,222,128,84,1489,937,843,desktop,returning
09/02/2025,CAMP001,Google Ads,Search,Aquisição,Google,br,,Google,45172,914,5914.77,13629.62,119,34,54,7539,370,345,,new
15/06/2025,CAMP007,YouTube Ads,Video,Aquisição,Google,BRA,,Instagram,17226,762,1861.4,5361.86,203,75,37,8957,3046,974,Mobile,
10/06/2025,CAMP004,Email Black Friday,Email,Retenção,CRM,Brasil,Centro-Oeste,Email,20899,425,1826.43,5971.91,135,94,43,34457,20143,2103,,New
08/01/2025,CAMP002,Meta Ads,Social,Aquisição,Meta,brazil,Sul,Facebook,72914,3961,6292.12,127454.78,1282,978,538,15908,10697,1474,tablet,
04/02/2025,CAMP001,Google Ads,Search,Aquisição,Google,BRA,Sul,Meta,116603,6859,2728.17,60445.46,714,301,714,44469,33687,17375,desktop,returning
26/03/2025,CAMP008,Newsletter,Email,Retenção,CRM,Brasil,,Meta,98308,4075,6440.81,104222.07,812,518,309,39163,18642,11094,Desktop,
28/02/2025,CAMP007,YouTube Ads,Video,Aquisição,Google,br,Sul,Email,75532,4890,4274.38,203969.95,1335,769,577,29554,19345,13878,Desktop,
18/06/2025,CAMP007,YouTube Ads,Video,Aquisição,Google,brazil,,YouTube,5570,265,1898.08,2928.43,66,38,22,10941,7086,6864,Mobile,Returning
22/04/2025,CAMP002,Meta Ads,Social,Aquisição,Meta,br,Centro-Oeste,Google,17192,735,5472.28,22942.12,249,135,65,6213,4108,3020,,New
26/01/2025,CAMP004,Email Black Friday,Email,Retenção,CRM,Brasil,Centro-Oeste,Facebook,113106,4726,480.13,22425.84,918,272,247,30299,6582,5263,desktop,
29/03/2025,CAMP007,YouTube Ads,Video,Aquisição,Google,BRA,Nordeste,Email,8327,447,340.67,20410.53,110,86,53,28230,9076,3805,Desktop,new
05/03/2025,CAMP001,Google Ads,Search,Aquisição,Google,BRA,Centro-Oeste,Instagram,77489,4762,2598.54,11769.16,651,244,113,33101,2775,905,desktop,
09/02/2025,CAMP006,Influenciadores,Influencer,Brand Awareness,Influencers,brazil,Centro-Oeste,Instagram,95695,3164,5219.16,26538.76,508,191,139,37902,15408,7587,tablet,New
04/01/2025,CAMP006,Influenciadores,Social Media,Brand Awareness,Influencers,br,,Facebook,49254,2574,6415.73,10163.6,274,193,97,4373,2143,485,Desktop,Returning
28/03/2025,CAMP006,Influenciadores,Influencer,Brand Awareness,Influencers,BR,sudeste,Email,24520,838,5372.12,3875.54,161,80,41,34455,28018,21451,mobile,new
28/05/2025,CAMP008,Newsletter,Email,Retenção,CRM,BRA,Sul,Google,69729,1333,4859.42,21777.67,280,199,88,33994,20527,11151,,
22/03/2025,CAMP005,Remarketing,Display,Conversão,Google,Brasil,,YouTube,72568,1306,3828.65,23907.81,331,124,97,49920,43852,1695,Desktop,
05/06/2025,CAMP006,Influenciadores,Influencer,Brand Awareness,Influencers,br,Sul,Facebook,55818,1028,1964.24,41103.1,351,198,104,26805,26143,11874,Desktop,new
31/01/2025,CAMP003,Instagram,Social,Brand Awareness,Meta,brazil,sudeste,Meta,54500,2908,4422.06,15032.23,403,294,97,12669,6531,4620,mobile,Returning
22/03/2025,CAMP004,Email Black Friday,Email,Retenção,CRM,Brasil,Centro-Oeste,Email,47933,1108,1416.86,14575.36,159,122,81,9519,314,110,mobile,Returning
16/01/2025,CAMP001,Google Ads,Search,Aquisição,Google,BR,Sul,Instagram,87806,3141,3940.38,78931.73,903,423,238,36596,29866,14996,mobile,Returning
18/04/2025,CAMP002,Meta Ads,Social,Aquisição,Meta,BR,Nordeste,Google,109926,1652,1918.29,49211.85,546,435,238,47922,13409,3791,tablet,new
16/05/2025,CAMP001,Google Ads,Search,Aquisição,Google,brazil,,YouTube,62415,3780,4028.39,49118.08,359,201,332,44423,41692,9940,Mobile,
23/02/2025,CAMP005,Remarketing,Display,Conversão,Google,Brasil,,Instagram,109135,5695,2341.28,20302.95,1934,1193,735,38531,10234,8464,Mobile,
09/03/2025,CAMP003,Instagram,Social,Brand Awareness,Meta,Brasil,Nordeste,Google,49757,1184,6267.34,4341.83,323,206,95,7226,5305,1378,Mobile,New
09/02/2025,CAMP008,Newsletter,Email,Retenção,CRM,brazil,Sudeste,Meta,81384,4990,2515.43,68066.32,482,144,172,4358,1398,653,desktop,New
28/04/2025,CAMP008,Newsletter,Email,Retenção,CRM,brazil,Nordeste,Meta,81777,81777,1883.81,56659.16,776,242,404,49240,17570,12392,Mobile,New
20/05/2025,CAMP004,Email Black Friday,Email,Retenção,CRM,brazil,,Email,117086,2905,829.81,30769.04,804,616,278,30523,5552,627,mobile,Returning
23/05/2025,CAMP006,Influenciadores,Influencer,Brand Awareness,Influencers,br,Centro-Oeste,Instagram,45953,1153,2904.91,12094.91,128,70,89,41047,1987,90,desktop,returning
18/05/2025,CAMP008,Newsletter,Email,Retenção,CRM,brazil,Centro-Oeste,Google,58592,3616,1762.5,29341.66,385,112,85,21922,1260,869,desktop,New
14/04/2025,CAMP001,Google Ads,Search,Aquisição,Google,BR,sudeste,Email,19011,820,1566.44,32409.7,240,158,86,42691,3961,605,Mobile,Returning
17/03/2025,CAMP001,Google Ads,Search,Aquisição,Google,BR,Sudeste,YouTube,59710,1220,3797.67,18397.74,324,240,145,37885,18412,14343,Mobile,
15/06/2025,CAMP001,Google Ads,Search,Aquisição,Google,Brasil,Nordeste,YouTube,83672,2378,3742.12,37374.56,279,158,263,10968,2462,1268,tablet,New
31/05/2025,CAMP001,Google Ads,Search,Aquisição,Google,brazil,Nordeste,Facebook,77920,3295,2129.94,61516.11,845,499,373,6368,4621,1485,desktop,Returning
22/03/2025,CAMP003,Instagram,Social,Brand Awareness,Meta,BRA,Centro-Oeste,YouTube,56618,1597,2710.37,42158.92,479,280,116,48466,37952,35170,Mobile,
09/03/2025,CAMP008,Newsletter,Email,Retenção,CRM,Brasil,Sudeste,Email,104111,104111,416.16,39831.47,221,162,179,29807,4887,3854,Mobile,Returning
13/04/2025,CAMP003,Instagram,Social,Brand Awareness,Meta,brazil,,YouTube,38769,1009,730.23,8416.84,92,62,45,45641,37034,19094,Mobile,
18/04/2025,CAMP006,Influenciadores,Influencer,Brand Awareness,Influencers,Brasil,Sul,Meta,57227,2963,2904.44,32966.21,675,270,200,42989,2671,2423,desktop,returning
06/04/2025,CAMP001,Google Ads,Search,Aquisição,Google,Brasil,Centro-Oeste,Facebook,84235,2231,1489.13,32687.17,672,330,88,19581,14191,2806,Mobile,returning
01/03/2025,CAMP001,Google Ads,Search,Aquisição,Google,BR,Nordeste,Meta,7123,324,914.46,11174.8,41,24,28,49174,35699,12317,tablet,new
27/02/2025,CAMP002,Meta Ads,Social,Aquisição,Meta,br,Nordeste,Google,115966,6248,1163.62,24846.32,629,238,134,41149,21164,20176,Mobile,New
16/03/2025,CAMP006,Influenciadores,Influencer,Brand Awareness,Influencers,BRA,Centro-Oeste,Instagram,95895,3904,331.94,60948.97,324,221,219,23831,2345,75,,New
28/02/2025,CAMP002,Meta Ads,Social,Aquisição,Meta,BR,Nordeste,Email,9686,227,2529.48,6406.93,24,11,24,1016,62,60,tablet,New
05/02/2025,CAMP008,Newsletter,Email,Retenção,CRM,BRA,,Instagram,73379,798,1974.52,11207.27,135,82,64,35172,23324,20674,desktop,
21/01/2025,CAMP002,Meta Ads,Social,Aquisição,Meta,Brasil,sudeste,Email,58311,1451,3626.08,52724.45,251,119,160,40876,20323,16428,desktop,
22/01/2025,CAMP004,Email Black Friday,Email,Retenção,CRM,br,Centro-Oeste,Instagram,5691,336,1610.46,3297.65,48,29,16,18695,8579,3121,,returning
22/01/2025,CAMP005,Remarketing,Display,Conversão,Google,brazil,Sul,Email,31553,315,340.64,8552.17,68,21,37,13450,10680,10068,Mobile,returning
18/05/2025,CAMP004,Email Black Friday,Email,Retenção,CRM,br,sudeste,Instagram,119817,5184,3329.51,131371.99,447,217,439,38770,33654,26627,mobile,new
02/04/2025,CAMP003,Instagram,Social,Brand Awareness,Meta,brazil,Sul,Instagram,12135,300,5010.06,1826.32,94,28,11,45327,41777,7498,desktop,New
23/04/2025,CAMP003,Instagram,Social,Brand Awareness,Meta,BR,Centro-Oeste,Google,89149,3778,3803.53,73863.15,583,392,327,9635,297,295,,New
14/06/2025,CAMP007,YouTube Ads,Video,Aquisição,Google,br,Sudeste,Meta,22653,350,5543.98,2573.07,97,42,27,49449,5543,4683,mobile,New
20/01/2025,CAMP008,Newsletter,Email,Retenção,CRM,brazil,sudeste,YouTube,77742,3419,3630.72,28433.53,546,335,211,8452,2172,870,,
22/05/2025,CAMP002,Meta Ads,Social,Aquisição,Meta,BR,Centro-Oeste,Instagram,26153,1576,999999.99,29070.4,250,134,90,47435,2776,1119,Desktop,New
31/05/2025,CAMP006,Influenciadores,Influencer,Brand Awareness,Influencers,brazil,,Instagram,62823,3210,6019.22,14308.5,367,181,75,44403,7148,3213,mobile,new
13/02/2025,CAMP006,Influenciadores,Influencer,Brand Awareness,Influencers,Brasil,,YouTube,38377,1003,4245.13,19402.6,161,119,109,14666,8976,4571,,
04/02/2025,CAMP003,Instagram,Social,Brand Awareness,Meta,Brasil,,Facebook,68108,2542,3635.34,12551.57,620,287,77,43230,25216,14166,tablet,New
09/04/2025,CAMP008,Newsletter,Email,Retenção,CRM,BRA,Sul,Email,98715,4068,2226.08,75052.8,767,475,408,35844,2994,2178,desktop,Returning
19/04/2025,CAMP004,Email Black Friday,Email,Retenção,CRM,brazil,Centro-Oeste,YouTube,106448,5730,6466.24,38115.95,1665,1033,551,18883,10291,2158,desktop,returning
11/02/2025,CAMP008,Newsletter,Email,Retenção,CRM,Brasil,sudeste,Meta,22241,314,3868.33,5281.35,32,9,20,5875,5326,4062,desktop,returning
08/04/2025,CAMP006,Influenciadores,Influencer,Brand Awareness,Influencers,Brasil,Centro-Oeste,Instagram,99634,2340,3951.08,40166.38,284,223,133,31771,20341,18350,mobile,Returning
12/04/2025,CAMP002,Meta Ads,Social,Aquisição,Meta,BRA,Sul,Google,35573,968,3513.68,36191.33,318,250,141,37405,32696,10355,,New
02/04/2025,CAMP003,Instagram,Social,Brand Awareness,Meta,Brasil,,Instagram,35133,1383,2169.19,37409.66,239,166,135,8008,7331,2829,mobile,returning
07/06/2025,CAMP008,Newsletter,Email,Retenção,CRM,BR,sudeste,YouTube,40315,1243,5758.79,7294.34,229,140,51,42203,25081,11350,mobile,New
18/06/2025,CAMP001,Google Ads,Search,Aquisição,Google,BRA,Sul,YouTube,34001,1197,3844.03,20134.22,205,65,93,10121,1539,912,Mobile,Returning
12/03/2025,CAMP001,Google Ads,Search,Aquisição,Google,Brasil,Sul,Facebook,68965,1981,889.63,8322.44,316,171,83,49785,507,412,Desktop,
08/02/2025,CAMP001,Google Ads,Search,Aquisição,Google,brazil,Centro-Oeste,Google,107703,2820,3340.82,26835.45,465,318,193,31499,30225,15449,Mobile,New
31/03/2025,CAMP007,YouTube Ads,Video,Aquisição,Google,BRA,,YouTube,11533,566,,2555.36,134,102,49,3080,1993,1252,desktop,new
29/05/2025,CAMP006,Influenciadores,Influencer,Brand Awareness,Influencers,brazil,sudeste,Google,113278,2369,2382.29,50604.99,204,64,176,49849,26347,421,Desktop,returning
02/05/2025,CAMP007,YouTube Ads,Video,Aquisição,Google,Brasil,,Instagram,86418,4761,2392.2,128453.12,1093,769,365,28832,11348,9782,Desktop,returning
26/06/2025,CAMP007,YouTube Ads,Video,Aquisição,Google,Brasil,Sul,Meta,62608,575,,20174.28,89,63,58,41902,924,122,Desktop,
04/02/2025,CAMP007,YouTube Ads,Video,Aquisição,Google,brazil,Sul,Google,16781,502,6197.84,19781.42,76,27,52,43674,29122,16940,Desktop,
12/03/2025,CAMP005,Remarketing,Display,Conversão,Google,BRA,Sudeste,Google,72598,3799,5882.55,99509.41,766,330,385,39599,36824,33073,Desktop,New
22/04/2025,CAMP006,Influenciadores,Influencer,Brand Awareness,Influencers,BR,Nordeste,Facebook,74453,1638,6433.36,26889.35,550,180,86,28281,15674,11707,desktop,new
09/03/2025,CAMP008,Newsletter,Email,Retenção,CRM,br,sudeste,Meta,87733,5645,6295.55,29097.97,1919,600,237,41644,1141,849,tablet,New
04/03/2025,CAMP007,YouTube Ads,Video,Aquisição,Google,BR,Sudeste,Facebook,75219,913,2372.11,13840.99,317,121,71,46429,14892,9643,desktop,returning
17/03/2025,CAMP002,Meta Ads,Social,Aquisição,Meta,Brasil,,Email,25918,610,2512.96,14416.68,59,20,56,6730,5729,126,,Returning
30/05/2025,CAMP006,Influenciadores,Influencer,Brand Awareness,Influencers,BR,,Facebook,109975,4846,6462.42,38783.99,1343,758,463,29756,6040,3560,desktop,returning
06/04/2025,CAMP007,YouTube Ads,Video,Aquisição,Google,br,Nordeste,Facebook,104485,6426,1698.14,100598.37,859,363,332,4159,681,134,,returning
19/04/2025,CAMP001,Google Ads,Search,Aquisição,Google,br,Sudeste,Meta,86720,4629,4024.19,104787.65,536,211,426,45432,8219,7080,Mobile,new
16/03/2025,CAMP006,Influenciadores,Influencer,Brand Awareness,Influencers,BRA,Centro-Oeste,Email,56448,1232,2173.68,3467.69,141,79,30,6650,4241,1264,desktop,new
02/06/2025,CAMP004,Email Black Friday,Email,Retenção,CRM,BR,sudeste,Facebook,56628,2049,3884.39,10498.12,510,354,161,8349,5618,2888,mobile,New
14/04/2025,CAMP008,Newsletter,Email,Retenção,CRM,BR,Nordeste,Meta,6462,193,3922.21,3085.3,18,12,11,15622,1001,9,Desktop,Returning
14/03/2025,CAMP005,Remarketing,Display,Conversão,Google,br,sudeste,Email,54630,480,4397.37,13710.18,159,41,39,8987,3332,787,tablet,Returning
19/04/2025,CAMP002,Meta Ads,Social,Aquisição,Meta,brazil,Nordeste,Email,20689,411,4204.4,2075.84,39,12,11,44492,11772,7465,Desktop,
14/03/2025,CAMP002,Meta Ads,Social,Aquisição,Meta,br,Nordeste,Instagram,117947,4387,6066.28,110261.04,1303,385,379,1178,196,88,mobile,
02/06/2025,CAMP002,Meta Ads,Social,Aquisição,Meta,BRA,Sul,YouTube,8084,261,4760.81,4300.1,31,11,21,25900,5074,1850,,new
15/01/2025,CAMP004,Email Black Friday,Email,Retenção,CRM,br,Nordeste,Instagram,6515,385,1310.87,15800.43,69,30,39,22493,20711,20039,desktop,New
22/06/2025,CAMP001,Google Ads,Search,Aquisição,Google,Brasil,sudeste,Facebook,112468,6485,1887.99,246101.57,689,495,631,2462,1872,685,,New
11/05/2025,CAMP004,Email Black Friday,Email,Retenção,CRM,Brasil,Sudeste,Email,18386,1049,6197.66,5753.99,271,179,99,43771,32479,20181,mobile,
25/02/2025,CAMP007,YouTube Ads,Video,Aquisição,Google,Brasil,sudeste,Email,78717,1761,1222.25,18370.1,482,246,187,21651,3158,1146,mobile,New
14/06/2025,CAMP007,YouTube Ads,Video,Aquisição,Google,brazil,Sudeste,Instagram,27504,702,5185.95,18613.0,232,177,62,41205,33214,11516,Desktop,New
20/03/2025,CAMP002,Meta Ads,Social,Aquisição,Meta,brazil,,Instagram,106454,6685,4159.24,99066.32,983,755,576,34751,21991,8543,mobile,
03/02/2025,CAMP001,Google Ads,Search,Aquisição,Google,br,Sudeste,Email,117061,2642,1239.64,25333.22,541,145,185,22029,18445,15706,,new
04/04/2025,CAMP008,Newsletter,Email,Retenção,CRM,brazil,sudeste,YouTube,69604,2413,5341.91,53804.69,748,464,140,42401,36993,31875,,new
10/03/2025,CAMP007,YouTube Ads,socail,Aquisição,Google,br,Centro-Oeste,YouTube,94156,5694,497.55,43487.71,1099,407,291,36427,31551,24277,desktop,new
12/03/2025,CAMP002,Meta Ads,Social,Aquisição,Meta,BRA,,YouTube,28488,604,,8603.99,60,39,53,11345,1128,227,Mobile,New
25/02/2025,CAMP002,Meta Ads,Social,Aquisição,Meta,br,sudeste,Meta,117652,1485,4843.23,28834.16,445,326,174,12445,498,285,Desktop,returning
26/05/2025,CAMP007,YouTube Ads,Video,Aquisição,Google,Brasil,Sul,YouTube,84465,3383,5118.88,57211.63,634,459,150,36289,34635,7465,Desktop,returning
13/03/2025,CAMP006,Influenciadores,Influencer,Brand Awareness,Influencers,Brasil,Nordeste,YouTube,85960,5349,3563.66,22431.05,1046,296,157,30245,22813,13276,tablet,returning
11/02/2025,CAMP001,Google Ads,Search,Aquisição,Google,BRA,sudeste,Facebook,89577,5005,4651.51,105725.3,825,512,292,24991,1301,568,Mobile,
21/02/2025,CAMP001,Google Ads,Search,Aquisição,Google,BRA,sudeste,Facebook,65892,972,3175.94,10588.14,114,56,32,24065,2895,64,mobile,new
23/01/2025,CAMP003,Instagram,Social,Brand Awareness,Meta,BR,Centro-Oeste,Instagram,90382,1749,1984.95,16239.47,325,178,78,36474,32769,24700,,new
09/05/2025,CAMP004,Email Black Friday,Email,Retenção,CRM,br,Sudeste,Instagram,54589,804,5186.37,6973.78,104,80,45,37686,17451,16410,tablet,returning
10/03/2025,CAMP001,Google Ads,Search,Aquisição,Google,Brasil,sudeste,Meta,111300,4085,3376.7,121006.94,853,437,416,48682,35228,23110,desktop,new
02/03/2025,CAMP001,Google Ads,Search,Aquisição,Google,br,Sul,Instagram,60565,2802,4081.72,113176.39,745,412,314,12360,10313,4078,mobile,returning
05/03/2025,CAMP004,Email Black Friday,Email,Retenção,CRM,Brasil,sudeste,Google,74101,2583,2551.73,42476.04,494,177,166,49639,46041,992,tablet,returning
15/06/2025,CAMP005,Remarketing,Display,Conversão,Google,BRA,Sudeste,Google,9136,115,2042.16,331.55,37,9,3,10533,7127,3720,tablet,New
04/04/2025,CAMP008,Newsletter,Email,Retenção,CRM,br,Sudeste,Google,66607,3246,2967.95,22880.66,330,241,130,45755,2148,556,,new
12/05/2025,CAMP005,Remarketing,Display,Conversão,Google,BRA,sudeste,Google,28889,1057,3826.43,7882.72,174,91,80,27870,4626,2905,Mobile,New
02/04/2025,CAMP006,Influenciadores,Influencer,Brand Awareness,Influencers,BR,sudeste,Facebook,20792,693,2382.98,17516.09,161,107,59,28454,25218,5994,Desktop,Returning
28/04/2025,CAMP005,Remarketing,Display,Conversão,Google,brazil,Nordeste,YouTube,51854,1417,410.78,33990.53,283,73,102,1143,441,199,Desktop,new
12/02/2025,CAMP006,Influenciadores,Influencer,Brand Awareness,Influencers,BRA,sudeste,Instagram,89633,1759,4903.67,19526.75,243,190,96,35305,11549,5680,mobile,
06/05/2025,CAMP006,Influenciadores,Influencer,Brand Awareness,Influencers,br,Nordeste,Instagram,48617,2236,2872.65,15037.74,192,85,153,16613,6447,5499,desktop,returning
12/01/2025,CAMP007,YouTube Ads,Video,Aquisição,Google,Brasil,,YouTube,12489,708,2114.77,16337.94,155,81,41,4089,523,179,tablet,returning
12/03/2025,CAMP008,Newsletter,Email,Retenção,CRM,brazil,Centro-Oeste,Email,75111,4259,5672.28,23642.63,1233,883,215,13479,1410,377,mobile,returning
17/01/2025,CAMP005,Remarketing,Display,Conversão,Google,BRA,,Meta,51233,531,3704.38,9292.45,138,67,41,30709,11017,3723,mobile,New
25/05/2025,CAMP002,Meta Ads,Social,Aquisição,Meta,brazil,Sul,Meta,117272,6231,3212.44,62078.96,792,506,624,41056,3203,2897,Desktop,new
08/04/2025,CAMP002,Meta Ads,Social,Aquisição,Meta,brazil,Nordeste,Instagram,38541,730,4108.46,17660.05,154,83,62,45340,739,521,tablet,New
14/01/2025,CAMP004,Email Black Friday,Email,Retenção,CRM,brazil,Nordeste,YouTube,63095,2078,3694.39,18016.25,689,521,209,14440,12697,5413,Desktop,New
02/05/2025,CAMP007,YouTube Ads,Video,Aquisição,Google,BR,Sul,Meta,45325,1790,3229.86,18100.15,613,327,166,31077,10278,2007,Desktop,new
06/04/2025,CAMP004,Email Black Friday,Email,Retenção,CRM,BR,Centro-Oeste,Meta,113491,2459,3356.19,29699.54,237,134,87,34505,29148,22302,Mobile,new
25/03/2025,CAMP005,Remarketing,Display,Conversão,Google,Brasil,sudeste,Meta,58026,3311,4301.55,33841.48,816,601,170,25918,8627,8368,Mobile,Returning
24/06/2025,CAMP001,Google Ads,Search,Aquisição,Google,br,Centro-Oeste,Google,107924,5174,4155.39,54501.64,1087,724,232,3880,2187,791,Mobile,new
05/01/2025,CAMP008,Newsletter,Email,Retenção,CRM,br,Centro-Oeste,Email,82209,3218,2329.8,48799.93,743,396,132,28594,17515,4763,,Returning
07/05/2025,CAMP002,Meta Ads,Social,Aquisição,Meta,BRA,Centro-Oeste,Google,42860,1305,2346.2,12508.35,367,253,136,10612,5636,3401,tablet,New
16/04/2025,CAMP007,YouTube Ads,Video,Aquisição,Google,BR ,Centro-Oeste,Email,22143,1324,4445.13,22791.07,171,113,125,23538,7787,4121,tablet,
17/06/2025,CAMP005,Remarketing,Display,Conversão,Google,BR,Nordeste,Google,56660,874,5033.54,6964.83,203,53,31,41843,30297,20836,Desktop,
28/01/2025,CAMP006,Influenciadores,Influencer,Brand Awareness,Influencers,BR,Sudeste,Email,32959,490,1337.01,13189.41,103,71,57,42381,35651,33972,desktop,New
01/05/2025,CAMP003,Instagram,Social,Brand Awareness,Meta,BRA,sudeste,Instagram,103958,5207,2608.87,19727.71,844,667,314,41935,29475,7448,tablet,returning
02/03/2025,CAMP001,Google Ads,Search,Aquisição,Google,BRA,Nordeste,Email,47292,865,1539.2,18900.58,245,114,99,38292,25009,3407,Mobile,New
16/06/2025,CAMP001,Google Ads,Search,Aquisição,Google,BR,Sul,Google,73447,2072,514.44,32842.29,660,220,118,23821,1173,1155,Desktop,New
06/05/2025,CAMP001,Google Ads,Search,Aquisição,Google,Brasil,Nordeste,YouTube,46950,1734,2123.04,41298.09,539,273,162,32416,28014,5580,Desktop,Returning
23/04/2025,CAMP003,Instagram,Social,Brand Awareness,Meta,brazil,Nordeste,Instagram,11997,686,2860.55,9658.89,82,53,82,41633,12118,3317,tablet,
25/05/2025,CAMP007,YouTube Ads,Video,Aquisição,Google,BRA,Centro-Oeste,Instagram,73593,4110,4055.66,47787.15,898,577,367,24851,15366,12024,desktop,New
10/03/2025,CAMP002,Meta Ads,Social,Aquisição,Meta,brazil,,Email,9150,588,1287.69,14553.53,120,76,48,20122,17264,12006,mobile,new
10/03/2025,CAMP001,Google Ads,Search,Aquisição,Google,brazil,Sul,Google,40897,640,3997.44,9251.22,55,37,41,15157,5111,445,Desktop,New
10/01/2025,CAMP004,Email Black Friday,Email,Retenção,CRM,BR,Nordeste,Email,60390,3537,2282.43,111312.63,1168,910,385,22395,10725,693,tablet,New
26/02/2025,CAMP007,YouTube Ads,Video,Aquisição,Google,BRA,Nordeste,Email,76260,4190,3881.43,134266.45,778,386,374,34765,14390,6099,Mobile,
22/04/2025,CAMP008,Newsletter,Email,Retenção,CRM,br,Sul,Instagram,27486,835,2354.67,12250.77,207,158,77,28765,8894,3625,mobile,new
24/06/2025,CAMP003,Instagram,Social,Brand Awareness,Meta,BRA,,Google,95369,3208,4805.57,117582.57,505,275,281,25099,6567,4524,tablet,Returning
29/01/2025,CAMP004,Email Black Friday,Email,Retenção,CRM,BRA,Sudeste,Instagram,111802,1555,725.05,21805.6,180,129,72,22782,8400,4736,Desktop,
27/01/2025,CAMP003,Instagram,Social,Brand Awareness,Meta,BRA,sudeste,Facebook,55251,2663,4916.3,14741.97,316,111,92,30841,10095,7194,mobile,
21/06/2025,CAMP002,Meta Ads,Social,Aquisição,Meta,Brasil,Sul,Meta,31183,1285,2512.48,12926.21,261,121,116,32213,7367,1278,tablet,Returning
04/01/2025,CAMP006,Influenciadores,Influencer,Brand Awareness,Influencers,BR,Sudeste,Google,76846,4848,2188.33,77143.85,1288,515,298,28301,19766,4163,Desktop,New
18/04/2025,CAMP005,Remarketing,Display,Conversão,Google,Brasil,Nordeste,Facebook,97969,2511,2760.57,67973.49,591,467,294,34085,31528,17886,Mobile,New
14/02/2025,CAMP006,Influenciadores,Influencer,Brand Awareness,Influencers,BRA,Centro-Oeste,Google,83137,1983,4513.66,"R$ 39987,34",382,160,112,25405,999999,508,tablet,New
18/05/2025,CAMP004,Email Black Friday,Email,Retenção,CRM,Brasil,Sul,Facebook,110702,5399,4978.08,76195.05,442,234,234,4557,3587,151,Desktop,new
17/06/2025,CAMP005,Remarketing,Display,Conversão,Google,BR,Sul,Google,103991,2710,3362.63,39953.59,844,603,198,39672,13731,9959,mobile,New
18/03/2025,CAMP001,Google Ads,Search,Aquisição,Google,brazil,Sudeste,Google,17467,364,5650.58,2772.27,42,30,16,19827,14419,11878,tablet,
13/01/2025,CAMP004,Email Black Friday,socail,Retenção,CRM,br,Nordeste,Meta,75601,1278,3758.51,20806.37,265,114,120,36654,34932,26505,desktop,returning
12/03/2025,CAMP005,Remarketing,Display,Conversão,Google,Brasil,,YouTube,108489,6616,4293.22,18116.07,1326,735,219,48498,43333,40828,,New
25/03/2025,CAMP008,Newsletter,Email,Retenção,CRM,brazil,,Facebook,61920,2043,3322.13,12920.91,309,214,59,3833,1189,372,Mobile,New
25/06/2025,CAMP003,Instagram,Social,Brand Awareness,Meta,BRA,Centro-Oeste,Email,116915,6233,812.39,25895.05,1974,1066,408,31522,22340,19830,Desktop,
04/04/2025,CAMP003,Instagram,Social,Brand Awareness,Meta,Brasil ,Sudeste,Email,8385,364,2974.73,5015.4,42,19,13,37404,32991,350,,
28/06/2025,CAMP002,Meta Ads,Social,Aquisição,Meta,Brasil,Nordeste,Facebook,94126,6105,1922.48,103071.43,529,334,260,18509,3117,65,Mobile,returning
09/04/2025,CAMP001,Google Ads,Search,Aquisição,Google,br,Centro-Oeste,Google,32938,1484,5940.05,40128.27,175,78,175,30163,28156,3007,Mobile,New
08/06/2025,CAMP004,Email Black Friday,Email,Retenção,CRM,br,,Instagram,19345,458,6064.89,5069.96,149,117,56,48321,5820,3052,Mobile,
15/01/2025,CAMP006,Influenciadores,Influencer,Brand Awareness,Influencers,br,sudeste,YouTube,103426,1431,1037.05,7437.05,490,387,153,17821,10394,3749,desktop,new
08/01/2025,CAMP003,Instagram,Social,Brand Awareness,Meta,BR,,Meta,59880,2358,796.93,32351.82,711,474,83,40993,13560,604,Mobile,
21/03/2025,CAMP006,Influenciadores,Influencer,Brand Awareness,Influencers,BR,Sudeste,Google,82603,1547,511.97,14832.13,474,123,53,5773,4254,2272,desktop,
29/01/2025,CAMP002,Meta Ads,Social,Aquisição,Meta,br,sudeste,Instagram,43826,2444,4512.08,84404.91,650,263,220,11776,2970,1152,mobile,
06/01/2025,CAMP003,Instagram,Social,Brand Awareness,Meta,BR,Sudeste,Google,95748,2525,599.53,74001.28,753,466,243,22015,9583,1235,desktop,new
26/04/2025,CAMP005,Remarketing,Display,Conversão,Google,BRA,Nordeste,Facebook,83572,3430,4672.6,15518.1,492,256,155,6577,3618,1559,mobile,returning
24/05/2025,CAMP006,Influenciadores,Influencer,Brand Awareness,Influencers,BR,sudeste,Google,71830,3372,4943.15,48156.49,677,320,260,10318,8488,3787,tablet,New
07/05/2025,CAMP001,Google Ads,Search,Aquisição,Google,BR,sudeste,Facebook,81230,1682,4493.24,17505.98,371,188,121,41733,18467,2040,mobile,
20/02/2025,CAMP008,Newsletter,Email,Retenção,CRM,BRA,Nordeste,Email,49565,1674,5484.12,40855.27,173,65,154,38777,34881,1044,,New
17/01/2025,CAMP005,Remarketing,Display,Conversão,Google,br,Sul,Instagram,61655,2287,2847.37,13341.23,296,75,68,22602,20409,11110,Mobile,returning
03/05/2025,CAMP001,Google Ads,Search,Aquisição,Google,brazil,Centro-Oeste,Meta,45164,2464,3256.67,23413.25,249,140,152,44039,3145,1872,mobile,new
10/04/2025,CAMP001,Google Ads,Search,Aquisição,Google,BR,Sudeste,Instagram,64025,1490,4170.68,53651.17,222,143,165,4932,2129,753,desktop,returning
24/04/2025,CAMP003,Instagram,Social,Brand Awareness,Meta,BRA,Nordeste,Email,25541,457,3830.44,3512.57,58,14,9,16043,9078,3936,Desktop,New
13/05/2025,CAMP004,Email Black Friday,Email,Retenção,CRM,BR,sudeste,Meta,20733,1334,542.19,22418.17,294,107,68,21953,19128,14588,,returning
09/03/2025,CAMP006,Influenciadores,Influencer,Brand Awareness,Influencers,brazil,,Email,104864,5076,1024.61,55049.4,559,183,559,17363,10591,5073,Mobile,New
15/03/2025,CAMP004,Email Black Friday,Email,Retenção,CRM,brazil,,Facebook,5767,369,4930.58,4750.22,42,23,19,43498,2073,312,Desktop,New
11/02/2025,CAMP001,Google Ads,Search,Aquisição,Google,Brasil,Centro-Oeste,Instagram,48723,1531,4150.62,26629.22,182,54,120,41634,2013,1649,,New
21/04/2025,CAMP001,Google Ads,Search,Aquisição,Google,Brasil,sudeste,Meta,110586,6252,2733.01,223873.86,743,189,660,35841,22554,17085,tablet,Returning
02/02/2025,CAMP001,Google Ads,Search,Aquisição,Google,brazil,,Email,29530,1714,6387.33,15553.84,219,97,74,11100,7856,5401,Desktop,new
23/01/2025,CAMP003,Instagram,Social,Brand Awareness,Meta,br,,Meta,92904,3326,,"R$ 24438,67",1160,596,234,44429,34160,6789,Mobile,returning
13/03/2025,CAMP001,Google Ads,Search,Aquisição,Google,br,Sudeste,Email,18275,346,1710.95,8603.02,59,45,22,4981,1301,943,tablet,new
09/01/2025,CAMP002,Meta Ads,Social,Aquisição,Meta,Brasil,sudeste,Google,70614,2449,6078.24,"R$ 101653,7",278,127,256,8610,2544,1426,Desktop,Returning
08/03/2025,CAMP005,Remarketing,Display,Conversão,Google,Brasil,,Instagram,11794,288,6327.56,1469.79,55,16,18,33463,31663,15383,desktop,New
29/01/2025,CAMP006,Influenciadores,Influencer,Brand Awareness,Influencers,br,Centro-Oeste,Facebook,67370,2978,1463.17,22487.75,532,163,81,18138,17622,1906,Mobile,new
06/03/2025,CAMP008,Newsletter,Email,Retenção,CRM,BRA,Centro-Oeste,Google,104764,4555,2491.4,73809.08,1361,639,398,4071,555,355,desktop,New
11/05/2025,CAMP004,Email Black Friday,Email,Retenção,CRM,BR,,YouTube,21459,1166,3591.87,18004.4,139,106,44,30680,5057,2775,tablet,returning
31/01/2025,CAMP004,Email Black Friday,socia,Retenção,CRM,brazil,,Instagram,29074,469,3749.55,2778.8,121,84,13,34708,33108,29715,Mobile,new
01/05/2025,CAMP002,Meta Ads,Social,Aquisição,Meta,BRA,,Email,57127,1141,5352.14,14433.03,356,130,59,22304,18802,9506,Mobile,
24/06/2025,CAMP001,Google Ads,Search,Aquisição,Google,brazil,Centro-Oeste,Meta,18237,996,3336.87,27458.18,282,91,117,47577,39795,331,mobile,Returning
08/05/2025,CAMP001,Google Ads,Search,Aquisição,Google,br,Nordeste,Meta,15929,693,5159.6,5740.37,175,66,36,24831,13265,5424,tablet,Returning
16/01/2025,CAMP007,YouTube Ads,Video,Aquisição,Google,BRA,,Facebook,98410,1689,4968.81,17279.65,365,254,156,28626,2233,604,tablet,
31/05/2025,CAMP002,Meta Ads,Social,Aquisição,Meta,br,Nordeste,Google,85317,4800,2712.35,94921.08,1021,576,491,42954,24183,8804,Desktop,New
29/03/2025,CAMP002,Meta Ads,Social,Aquisição,Meta,Brasil,Sudeste,Email,10972,154,1232.92,3249.39,21,13,14,11255,1447,523,Mobile,returning
17/01/2025,CAMP004,Email Black Friday,Email,Retenção,CRM,brazil,sudeste,Email,80039,1751,4972.95,16503.96,475,124,110,7085,4198,1124,Mobile,new
15/02/2025,CAMP006,Influenciadores,Influencer,Brand Awareness,Influencers,Brasil,Sudeste,Facebook,94630,2478,954.15,38269.51,528,155,272,45140,38590,14837,Desktop,New
26/05/2025,CAMP006,Influenciadores,Influencer,Brand Awareness,Influencers,BR,Nordeste,YouTube,98220,4718,6430.95,67536.08,1233,343,397,47314,42942,16138,desktop,Returning
08/06/2025,CAMP007,YouTube Ads,Video,Aquisição,Google,Brasil,Sul,Instagram,22322,656,3576.85,6487.01,61,18,61,48921,32826,30297,Mobile,returning
06/06/2025,CAMP008,Newsletter,Email,Retenção,CRM,BRA,Sul,Google,112658,5930,3402.85,47421.53,1475,1136,499,45491,44866,41894,tablet,New
15/01/2025,CAMP003,Instagram,Social,Brand Awareness,Meta,Brasil,Centro-Oeste,Email,43098,1980,6012.15,11271.43,548,404,132,27567,25096,20850,Mobile,New
22/03/2025,CAMP001,Google Ads,Search,Aquisição,Google,BRA,,Instagram,64946,1110,213.57,45222.28,260,112,119,3972,1872,1503,,new
11/03/2025,CAMP008,Newsletter,Email,Retenção,CRM,BR,sudeste,Instagram,19706,258,737.48,1143.2,34,27,10,4285,757,23,Desktop,new
05/06/2025,CAMP003,Instagram,Social,Brand Awareness,Meta,BRA,sudeste,YouTube,114543,5508,5992.25,94842.32,575,443,315,37561,7373,2513,tablet,
12/05/2025,CAMP008,Newsletter,Email,Retenção,CRM,BRA,,Email,12642,772,1851.44,5137.32,179,46,24,20462,2983,1958,Mobile,Returning
18/04/2025,CAMP002,Meta Ads,Social,Aquisição,Meta,brazil,,Meta,49143,1802,175.15,30047.44,330,258,120,10063,834,470,Mobile,returning
09/01/2025,CAMP002,Meta Ads,Social,Aquisição,Meta,Brasil,Sul,Instagram,112634,4796,5213.62,50349.87,495,250,155,16898,1214,323,tablet,returning
10/06/2025,CAMP007,YouTube Ads,Video,Aquisição,Google,BRA,Centro-Oeste,Facebook,50807,755,1144.49,"R$ 32090,64",232,121,78,45650,23290,14247,,New
21/04/2025,CAMP001,Google Ads,Search,Aquisição,Google,Brasil,Sul,Google,62089,62089,6256.24,73858.48,520,303,215,22630,7271,748,desktop,Returning
09/02/2025,CAMP001,Google Ads,Search,Aquisição,Google,br,Sudeste,Facebook,72359,4157,6287.85,58438.28,492,228,250,15772,13621,11859,Desktop,New
22/01/2025,CAMP006,Influenciadores,Influencer,Brand Awareness,Influencers,BR,Sudeste,YouTube,115218,115218,4158.04,12884.81,1288,678,106,29511,7246,6891,Desktop,
02/02/2025,CAMP001,Google Ads,Search,Aquisição,Google,br,Sudeste,Google,15683,299,2147.48,2391.09,79,50,22,10491,6382,1415,mobile,returning
12/01/2025,CAMP003,Instagram,Social,Brand Awareness,Meta,BRA,Sul,Email,30496,656,2603.44,13156.83,127,38,77,23912,4151,797,Desktop,returning
21/02/2025,CAMP007,YouTube Ads,Video,Aquisição,Google,br,,Meta,116695,6708,4581.44,67112.41,2346,812,392,22498,4662,4326,mobile,new
18/03/2025,CAMP002,Meta Ads,Social,Aquisição,Meta,BR,Nordeste,Meta,116030,2310,5903.22,63394.31,577,225,240,42182,17127,16846,Desktop,
23/01/2025,CAMP001,Google Ads,Search,Aquisição,Google,BR,Sul,Facebook,33615,1430,3488.64,39871.01,338,260,123,43372,33435,3370,,returning
19/04/2025,CAMP006,Influenciadores,Influencer,Brand Awareness,Influencers,BRA,sudeste,Email,113198,2710,709.7,44349.9,765,482,311,28885,21885,6895,mobile,returning
24/04/2025,CAMP006,Influenciadores,Influencer,Brand Awareness,Influencers,BR,Sudeste,Meta,43931,2755,3469.21,20420.93,528,218,232,45958,19899,19787,Desktop,new
26/05/2025,CAMP007,YouTube Ads,Video,Aquisição,Google,BR,,Meta,22358,822,3104.51,9680.68,123,60,97,42169,36495,13703,Desktop,returning
01/05/2025,CAMP002,Meta Ads,Social,Aquisição,Meta,Brasil,,Email,112339,1382,4378.2,22962.42,466,340,171,45223,26119,2835,Mobile,New
28/04/2025,CAMP003,Instagram,Social,Brand Awareness,Meta,BR,Centro-Oeste,Facebook,96239,3134,3984.89,13657.51,330,88,141,24351,16006,11381,desktop,Returning
23/04/2025,CAMP002,Meta Ads,Social,Aquisição,Meta,br,Sul,YouTube,6067,287,6171.06,7364.86,77,55,30,19608,6371,1726,,returning
24/06/2025,CAMP001,Google Ads,Search,Aquisição,Google,br,Nordeste,Facebook,32937,1678,3579.5,44872.43,463,276,134,20775,10542,4357,mobile,new
18/05/2025,CAMP004,Email Black Friday,Email,Retenção,CRM,BR,sudeste,Facebook,100046,3143,6284.24,14681.05,566,149,118,28228,14429,2374,mobile,Returning
21/05/2025,CAMP003,Instagram,Social,Brand Awareness,Meta,BR,Sul,Meta,104862,2924,1462.18,123343.45,327,98,327,8869,2956,1921,Desktop,returning
16/01/2025,CAMP005,Remarketing,Display,Conversão,Google,brazil,sudeste,Google,47406,-50,307.59,24022.88,99,70,66,20965,19146,12229,desktop,returning
17/04/2025,CAMP005,Remarketing,Display,Conversão,Google,br,sudeste,Instagram,54510,2656,,57519.39,453,242,213,39014,27250,20229,desktop,new
18/03/2025,CAMP001,Google Ads,Search,Aquisição,Google,BR,,Email,48876,2022,4982.39,10317.6,361,100,52,24524,7065,4916,mobile,New
27/03/2025,CAMP007,YouTube Ads,Video,Aquisição,Google,BRA,Sudeste,Email,115468,2173,890.98,66365.86,373,246,219,27784,14605,1079,,Returning
08/01/2025,CAMP005,Remarketing,Display,Conversão,Google,Brasil,Sudeste,YouTube,59615,2186,5945.01,69384.6,471,231,184,44148,29401,8780,desktop,returning
23/04/2025,CAMP007,YouTube Ads,Video,Aquisição,Google,Brasil,Sudeste,Google,31205,943,334.94,35515.65,305,151,104,25406,1875,447,Mobile,New
17/04/2025,CAMP002,Meta Ads,Social,Aquisição,Meta,BR,Centro-Oeste,Meta,91907,3547,2108.04,151008.89,1015,392,402,44397,37909,21352,desktop,
16/04/2025,CAMP006,Influenciadores,Influencer,Brand Awareness,Influencers,br,Sudeste,Meta,90184,4928,5279.73,51123.74,1133,719,255,2587,1822,1164,mobile,
10/01/2025,CAMP001,Google Ads,Search,Aquisição,Google,br,sudeste,Meta,28227,1316,3972.58,16173.75,137,71,51,26179,5257,5176,Mobile,Returning
29/03/2025,CAMP001,Google Ads,Search,Aquisição,Google,brazil,Nordeste,Instagram,112009,2424,1745.07,26837.0,282,116,142,22248,2514,470,,Returning
09/05/2025,CAMP002,Meta Ads,Social,Aquisição,Meta,BR,Sudeste,Facebook,39077,39077,5695.52,7250.24,284,160,77,45748,39349,29377,desktop,returning
29/01/2025,CAMP003,Instagram,Social,Brand Awareness,Meta,br,sudeste,Facebook,45100,1722,2038.45,"R$ 30555,07",234,161,98,38579,22958,6697,mobile,
16/04/2025,CAMP002,Meta Ads,Social,Aquisição,Meta,BRA,Centro-Oeste,Instagram,106505,2700,174.85,7390.78,512,367,201,39452,13266,6499,mobile,new
30/05/2025,CAMP008,Newsletter,Email,Retenção,CRM,Brasil,,Email,54297,2983,2785.93,34547.55,591,222,313,22376,370,36,tablet,new
03/03/2025,CAMP008,Newsletter,Email,Retenção,CRM,br,Centro-Oeste,Facebook,69839,915,5276.11,25045.16,128,97,106,19051,2691,1996,Mobile,new
28/01/2025,CAMP002,Meta Ads,Social,Aquisição,Meta,BR,Nordeste,Google,61866,3534,6465.48,71511.23,353,281,230,14928,9721,2367,desktop,new
29/04/2025,CAMP006,Influenciadores,Influencer,Brand Awareness,Influencers,BRA,Centro-Oeste,Meta,30761,1998,1930.89,12088.33,248,100,90,45380,20493,18595,Desktop,
20/02/2025,CAMP004,Email Black Friday,Email,Retenção,CRM,brazil,Nordeste,Meta,117743,1995,2135.73,9238.97,234,113,48,27382,11139,6331,mobile,New
20/04/2025,CAMP004,Email Black Friday,Email,Retenção,CRM,brazil,Sul,Google,111415,4474,2264.27,31723.68,486,305,259,34307,10974,5615,mobile,New
22/05/2025,CAMP005,Remarketing,Display,Conversão,Google,BR,Sul,Instagram,41490,1816,3549.87,33413.36,546,424,238,30388,6458,2756,mobile,New
09/05/2025,CAMP005,Remarketing,Display,Conversão,Google,br,sudeste,Instagram,8203,315,3944.84,12432.19,93,70,37,20733,9969,3201,mobile,
25/06/2025,CAMP008,Newsletter,Email,Retenção,CRM,BRA,Centro-Oeste,Meta,41145,537,5982.61,13946.35,65,29,36,7772,298,275,mobile,New
08/04/2025,CAMP002,Meta Ads,Social,Aquisição,Meta,BR,Sul,Email,92193,3440,5467.81,31695.59,746,351,202,14934,10095,9574,desktop,new
04/03/2025,CAMP006,Influenciadores,Influencer,Brand Awareness,Influencers,brazil,Sudeste,Meta,93540,4096,5925.88,52898.51,407,305,191,24977,17064,8163,Mobile,new
18/03/2025,CAMP004,Email Black Friday,Email,Retenção,CRM,BRA,Centro-Oeste,Google,94506,3058,2285.56,53874.86,479,245,281,20381,15015,6521,mobile,new
12/05/2025,CAMP002,Meta Ads,Social,Aquisição,Meta,BRA,,Meta,15082,855,6097.8,1509.75,262,135,64,8848,5404,5393,mobile,New
19/06/2025,CAMP008,Newsletter,Email,Retenção,CRM,BR,,Facebook,115777,3038,,"R$ 26613,78",274,165,180,41958,30160,20707,mobile,
14/06/2025,CAMP004,Email Black Friday,Email,Retenção,CRM,Brasil,Centro-Oeste,Instagram,93031,1807,2003.36,9295.41,329,247,113,22550,93,43,Desktop,Returning
19/05/2025,CAMP004,Email Black Friday,Email,Retenção,CRM,Brasil,Sudeste,Email,33876,1538,1939.38,27339.84,480,292,118,20257,3346,2135,tablet,New
07/03/2025,CAMP004,Email Black Friday,Email,Retenção,CRM,brazil,,Facebook,107153,5481,3915.44,67805.6,445,128,258,11391,7325,1469,Mobile,new
12/02/2025,CAMP008,Newsletter,Email,Retenção,CRM,BR,,Facebook,113807,1514,5785.89,28908.94,290,119,97,1560,1330,1269,Desktop,New
02/04/2025,CAMP007,YouTube Ads,Video,Aquisição,Google,BR,Nordeste,YouTube,80542,4512,4343.98,57378.54,603,350,239,19680,17323,1725,mobile,returning
30/05/2025,CAMP002,Meta Ads,Social,Aquisição,Meta,brazil,Sudeste,YouTube,77723,3816,2218.21,47653.81,1209,329,198,6295,4076,2675,desktop,Returning
15/04/2025,CAMP002,Meta Ads,Social,Aquisição,Meta,Brasil,Centro-Oeste,Instagram,77258,3726,1650.78,114931.86,692,313,377,30047,10588,4366,,Returning
11/05/2025,CAMP005,Remarketing,Display,Conversão,Google,BR,,Instagram,115920,6252,1366.16,69651.53,1961,750,277,23322,7999,7219,mobile,New
20/02/2025,CAMP007,YouTube Ads,Video,Aquisição,Google,BR,Centro-Oeste,Instagram,71188,3019,404.44,83348.56,554,184,201,8689,1379,147,desktop,Returning
26/05/2025,CAMP006,Influenciadores,Influencer,Brand Awareness,Influencers,BR,,Google,56805,1907,4364.02,47130.86,355,214,136,2725,1112,627,mobile,new
13/03/2025,CAMP003,Instagram,Social,Brand Awareness,Meta,BRA,,Email,100044,3807,,105610.15,428,295,428,1256,1230,857,desktop,New
27/01/2025,CAMP002,Meta Ads,Social,Aquisição,Meta,BR,Nordeste,Email,113617,2093,2895.98,32398.53,209,110,111,3431,574,345,Desktop,New
27/05/2025,CAMP004,Email Black Friday,Email,Retenção,CRM,brazil,sudeste,YouTube,79391,3305,1947.05,21462.63,1151,592,312,14662,13739,1789,mobile,Returning
21/06/2025,CAMP005,Remarketing,Display,Conversão,Google,brazil,Nordeste,Email,43262,1858,575.39,6987.63,271,199,78,38412,22257,4394,Desktop,Returning
17/05/2025,CAMP007,YouTube Ads,Video,Aquisição,Google,BR,Sudeste,YouTube,115310,5474,5912.39,49873.91,1227,900,410,2245,1551,277,Mobile,returning
12/03/2025,CAMP002,Meta Ads,Social,Aquisição,Meta,br,Sul,Facebook,7801,267,1179.86,5398.59,74,53,24,6958,904,268,mobile,
05/04/2025,CAMP008,Newsletter,Email,Retenção,CRM,brazil,,Meta,70715,752,4125.72,22980.5,162,47,60,22586,5344,4507,,returning
06/05/2025,CAMP003,Instagram,Social,Brand Awareness,Meta,Brasil,,YouTube,67222,3338,4830.35,15575.18,1046,548,202,3015,1658,1332,Desktop,New
13/01/2025,CAMP008,Newsletter,Email,Retenção,CRM,BRA,Nordeste,Email,48306,2828,4910.76,17389.43,589,468,250,13779,9116,5392,tablet,returning
15/03/2025,CAMP005,Remarketing,Display,Conversão,Google,Brasil,Nordeste,Google,16672,1009,2562.52,19300.67,245,136,77,19101,12544,5308,tablet,returning
08/01/2025,CAMP007,YouTube Ads,Video,Aquisição,Google,br,Sudeste,Email,62893,3899,1010.53,53557.48,430,328,209,18270,4382,1785,,new
27/01/2025,CAMP004,Email Black Friday,Email,Retenção,CRM,brazil,Sudeste,Meta,58450,825,,5597.25,282,138,58,20797,8027,7959,Desktop,new
18/01/2025,CAMP006,Influenciadores,Influencer,Brand Awareness,Influencers,br,,Instagram,15447,187,1957.77,6490.38,33,10,17,26017,13528,5006,Mobile,returning
01/04/2025,CAMP005,Remarketing,Display,Conversão,Google,BRA,sudeste,Email,27694,1583,5308.83,18507.73,517,204,122,9378,1597,1360,tablet,new
11/03/2025,CAMP003,Instagram,Social,Brand Awareness,Meta,br,sudeste,Meta,66824,3086,5267.41,4919.46,406,187,73,13612,4537,2335,Mobile,new
29/05/2025,CAMP006,Influenciadores,Influencer,Brand Awareness,Influencers,BR,Sudeste,Instagram,60355,3109,4334.87,35947.31,370,271,370,35600,23984,5167,tablet,new
25/01/2025,CAMP001,Google Ads,Search,Aquisição,Google,brazil,Sudeste,Google,70792,1214,1156.6,34894.95,216,129,142,15267,9581,4515,Desktop,Returning
27/06/2025,CAMP004,Email Black Friday,Email,Retenção,CRM,br,Sudeste,Google,77322,3764,2705.2,32347.92,750,505,246,9983,636,373,,Returning
06/05/2025,CAMP001,Google Ads,Search,Aquisição,Google,Brasil,Centro-Oeste,Facebook,116192,3596,5315.13,43898.27,930,353,132,12678,5279,5096,tablet,
26/03/2025,CAMP006,Influenciadores,Influencer,Brand Awareness,Influencers,brazil,Sul,YouTube,84305,4439,1388.6,201670.28,526,278,496,47710,16766,4112,desktop,new
30/05/2025,CAMP006,Influenciadores,Influencer,Brand Awareness,Influencers,brazil,sudeste,YouTube,115708,5586,2241.19,59911.08,1195,656,635,5242,4217,80,Mobile,Returning
21/06/2025,CAMP001,Google Ads,Search,Aquisição,Google,Brasil,,Meta,102123,3087,4796.17,14432.71,960,511,109,48482,33793,32839,tablet,new
07/06/2025,CAMP001,Google Ads,Search,Aquisição,Google,Brasil,Sudeste,YouTube,67451,1504,4492.62,32581.34,436,310,136,36057,13854,3872,tablet,Returning
17/04/2025,CAMP005,Remarketing,Display,Conversão,Google,BRA,Sul,Meta,95575,1649,4506.25,29529.02,179,112,179,39773,9187,7226,mobile,new
31/03/2025,CAMP007,YouTube Ads,Video,Aquisição,Google,brazil,Nordeste,Meta,11083,370,5389.61,3674.8,83,34,15,15635,671,231,Desktop,
20/02/2025,CAMP004,Email Black Friday,Email,Retenção,CRM,Brasil,Centro-Oeste,Facebook,47676,1380,2116.16,10698.44,358,145,55,19617,4608,3714,tablet,new
10/04/2025,CAMP001,Google Ads,Search,Aquisição,Google,brazil,sudeste,Google,79716,3542,1002.19,24236.6,608,388,166,40574,7396,7338,Mobile,returning
29/03/2025,CAMP006,Influenciadores,Influencer,Brand Awareness,Influencers,BR,Centro-Oeste,YouTube,82066,4732,4009.29,123379.2,666,260,567,40802,40077,14379,mobile,Returning
20/02/2025,CAMP007,YouTube Ads,Video,Aquisição,Google,brazil,Sul,Facebook,16109,769,2284.62,6470.78,65,37,35,49777,38985,38440,Mobile,Returning
26/06/2025,CAMP002,Meta Ads,Social,Aquisição,Meta,brazil,,Instagram,57635,727,1735.12,24597.46,217,168,99,45358,35518,31212,Mobile,
07/04/2025,CAMP007,YouTube Ads,Video,Aquisição,Google,br,Sudeste,Google,32588,1871,2720.86,54214.23,640,257,215,22113,11136,2819,Desktop,
07/05/2025,CAMP005,Remarketing,Display,Conversão,Google,br,,Email,88161,3767,1961.3,61467.4,1101,309,381,47728,690,527,desktop,New
01/06/2025,CAMP001,Google Ads,Search,Aquisição,Google,BRA,sudeste,Email,82256,3661,687.52,18565.06,514,269,154,37948,37030,27007,mobile,new
02/01/2025,CAMP001,Google Ads,Search,Aquisição,Google,br,Nordeste,Google,107674,4488,1209.37,51100.22,1303,506,533,13674,10326,5969,tablet,
04/06/2025,CAMP001,Google Ads,Search,Aquisição,Google,BRA,,Meta,107572,2289,5366.75,15430.83,573,253,172,42340,40775,9784,desktop,Returning
14/01/2025,CAMP004,Email Black Friday,Email,Retenção,CRM,BR,Sudeste,Facebook,103848,5248,1220.6,23030.09,1432,1079,542,48599,35476,11528,mobile,Returning
14/02/2025,CAMP001,Google Ads,Search,Aquisição,Google,brazil,Sul,Meta,29783,1478,621.02,14964.41,453,293,175,16185,9024,1461,mobile,New
17/06/2025,CAMP005,Remarketing,Display,Conversão,Google,Brasil,Centro-Oeste,Google,66394,1199,5890.62,17186.41,312,110,91,40973,28072,16006,,returning
21/02/2025,CAMP008,Newsletter,Email,Retenção,CRM,br,Nordeste,Google,109988,2889,6317.25,61582.56,902,506,269,43722,29048,19669,mobile,New
29/01/2025,CAMP002,Meta Ads,Social,Aquisição,Meta,BR,sudeste,Email,45794,1641,2217.44,53046.15,426,116,128,36052,17973,12047,tablet,new
28/04/2025,CAMP007,YouTube Ads,socia,Aquisição,Google,brazil,Sudeste,Facebook,90603,3221,,24309.02,1032,581,323,2728,2307,1996,,
22/03/2025,CAMP005,Remarketing,Display,Conversão,Google,Brasil,sudeste,Instagram,42405,1203,4231.79,16724.28,379,166,88,2004,46,45,Mobile,New
07/04/2025,CAMP007,YouTube Ads,Video,Aquisição,Google,Brasil,Sudeste,Instagram,104588,1275,6103.44,6764.1,313,161,31,34126,33617,7498,,new
15/03/2025,CAMP005,Remarketing,Display,Conversão,Google,BR,Centro-Oeste,Email,43619,2539,3915.45,42213.23,667,318,157,4235,2131,1100,,returning
14/01/2025,CAMP007,YouTube Ads,Video,Aquisição,Google,br,Centro-Oeste,Facebook,19439,209,3669.05,1017.27,47,33,5,31413,502,315,,New
19/04/2025,CAMP002,Meta Ads,Social,Aquisição,Meta,Brasil,Sul,Instagram,25156,1614,6060.79,9654.6,455,339,118,47127,2768,1206,,Returning
17/05/2025,CAMP003,Instagram,Social,Brand Awareness,Meta,br,Sul,Meta,92897,2551,3730.56,69520.77,704,400,272,15123,11748,1079,mobile,New
26/04/2025,CAMP001,Google Ads,Search,Aquisição,Google,BR,Centro-Oeste,Meta,6212,156,1155.1,4081.48,17,8,13,35108,26797,14805,,New
21/03/2025,CAMP004,Email Black Friday,Email,Retenção,CRM,brazil,,Google,71062,896,6095.13,25103.23,309,166,90,32218,11704,9996,tablet,
12/06/2025,CAMP002,Meta Ads,Social,Aquisição,Meta,Brasil,,YouTube,N/A,3759,4909.96,69752.94,1247,745,305,42787,9255,1709,tablet,
01/01/2025,CAMP005,Remarketing,Display,Conversão,Google,brazil,Sudeste,Meta,60186,1385,3982.74,63209.41,186,61,159,39712,38031,20478,tablet,Returning
11/04/2025,CAMP005,Remarketing,Display,Conversão,Google,BRA,sudeste,Google,92710,4543,1781.65,41376.89,637,179,475,21704,1892,1082,tablet,returning
18/01/2025,CAMP003,Instagram,Social,Brand Awareness,Meta,br,Nordeste,YouTube,60184,2337,3685.25,77828.48,773,271,210,11051,8216,6739,,
24/06/2025,CAMP007,YouTube Ads,Video,Aquisição,Google,Brasil,,Meta,17288,342,5474.79,8886.23,65,24,37,5023,716,255,tablet,Returning
11/02/2025,CAMP001,Google Ads,Search,Aquisição,Google,br,Centro-Oeste,Instagram,103536,2304,3403.11,29731.75,539,255,236,28114,11882,889,mobile,Returning
18/04/2025,CAMP008,Newsletter,Email,Retenção,CRM,brazil,sudeste,Instagram,99409,3232,2040.74,108449.61,936,619,382,22392,13262,5229,,Returning
14/05/2025,CAMP001,Google Ads,Search,Aquisição,Google,BR,Sudeste,Facebook,9261,468,3404.91,2990.09,99,64,21,24697,23406,4975,desktop,Returning
04/02/2025,CAMP005,Remarketing,Display,Conversão,Google,BR,Sul,Email,59555,3519,2684.34,91818.45,669,286,415,36798,8524,8107,mobile,Returning
07/02/2025,CAMP007,YouTube Ads,Video,Aquisição,Google,BRA,Sul,Google,89106,3442,,11263.01,907,287,69,47835,42464,22923,Desktop,returning
24/04/2025,CAMP001,Google Ads,Search,Aquisição,Google,br,,Google,22140,1152,5368.44,12637.17,277,120,37,9630,444,206,mobile,new
22/06/2025,CAMP001,Google Ads,Search,Aquisição,Google,br,Nordeste,YouTube,25637,1654,4363.24,31805.27,208,61,161,42509,25218,4350,desktop,New
24/01/2025,CAMP006,Influenciadores,Influencer,Brand Awareness,Influencers,brazil,,Facebook,54907,3512,966.07,34046.34,933,543,383,8130,4829,3186,desktop,New
07/01/2025,CAMP003,Instagram,Social,Brand Awareness,Meta,br,Centro-Oeste,Email,12548,352,,3439.55,104,61,32,40322,27167,18899,desktop,
08/01/2025,CAMP006,Influenciadores,Influencer,Brand Awareness,Influencers,br,Nordeste,Google,88038,3990,1889.97,28992.13,445,178,155,28843,9046,7416,,New
19/05/2025,CAMP002,Meta Ads,Social,Aquisição,Meta,BRA,Sudeste,Email,93284,6015,2719.5,15589.75,1814,545,265,46697,29176,14925,Desktop,returning
08/05/2025,CAMP004,Email Black Friday,Email,Retenção,CRM,brazil,Nordeste,Email,105854,2659,1877.22,86011.4,360,139,264,2384,307,161,tablet,returning
18/04/2025,CAMP008,Newsletter,Email,Retenção,CRM,BR,sudeste,Meta,15482,340,5194.34,1022.84,52,37,11,33779,29958,24208,Mobile,returning
02/02/2025,CAMP004,Email Black Friday,Email,Retenção,CRM,Brasil,,Instagram,66501,3586,3144.71,49869.06,711,221,155,11046,3083,2048,tablet,new
08/02/2025,CAMP006,Influenciadores,Influencer,Brand Awareness,Influencers,br,Sul,Meta,41163,-50,1227.97,43282.14,106,54,106,8507,4857,3926,mobile,New
05/05/2025,CAMP002,Meta Ads,Social,Aquisição,Meta,BRA,Sudeste,Instagram,9414,522,4020.51,5858.29,93,48,21,5027,3336,1649,desktop,new
05/04/2025,CAMP007,YouTube Ads,Video,Aquisição,Google,brazil,Nordeste,YouTube,24781,271,5627.99,6691.14,64,50,29,12228,770,73,mobile,Returning
17/03/2025,CAMP003,Instagram,Social,Brand Awareness,Meta,BR,,YouTube,78048,835,3987.82,12095.37,178,117,82,36343,12714,6185,Desktop,returning
16/06/2025,CAMP002,Meta Ads,Social,Aquisição,Meta,brazil,Sul,Meta,76240,1662,3514.45,9644.17,415,130,62,8960,6078,3039,mobile,
20/02/2025,CAMP004,Email Black Friday,Email,Retenção,CRM,br,sudeste,Email,51433,2693,6315.24,43889.5,710,202,212,13380,9877,1434,Mobile,
10/01/2025,CAMP003,Instagram,Social,Brand Awareness,Meta,Brasil,Sul,Instagram,34317,1352,876.68,22061.66,393,177,0,23449,11260,2179,desktop,New
13/06/2025,CAMP002,Meta Ads,Social,Aquisição,Meta,BRA,Nordeste,Meta,26061,806,6263.68,9598.91,156,80,78,9245,442,320,Mobile,returning
29/04/2025,CAMP007,YouTube Ads,Video,Aquisição,Google,BR,Sudeste,Email,7939,475,1407.5,7033.64,56,40,56,22586,9308,1291,tablet,New
10/01/2025,CAMP004,Email Black Friday,Email,Retenção,CRM,Brasil,,Facebook,53926,3116,2277.3,26333.31,567,240,175,7044,3487,3287,desktop,new
14/06/2025,CAMP002,Meta Ads,Social,Aquisição,Meta,BRA,sudeste,Facebook,108948,3394,,130626.1,700,511,325,8991,8592,5935,Mobile,Returning
11/02/2025,CAMP005,Remarketing,Display,Conversão,Google,BRA,Centro-Oeste,Google,84164,4853,769.88,65492.6,846,468,170,39138,28757,4858,tablet,
06/04/2025,CAMP008,Newsletter,Email,Retenção,CRM,brazil,Sul,Email,79527,1784,796.14,19052.24,197,84,197,26921,19340,14901,tablet,
04/02/2025,CAMP003,Instagram,Social,Brand Awareness,Meta,brazil,,Facebook,N/A,2965,4697.54,43935.69,435,347,294,27246,12807,1151,Mobile,Returning
08/06/2025,CAMP008,Newsletter,Email,Retenção,CRM,br,Centro-Oeste,Google,65011,1705,3990.49,32108.07,511,145,132,15026,4038,1052,Desktop,New
05/04/2025,CAMP003,Instagram,Social,Brand Awareness,Meta,br,Centro-Oeste,Instagram,73232,3127,1583.6,9297.49,860,598,327,21092,15932,8953,tablet,New
19/02/2025,CAMP004,Email Black Friday,Email,Retenção,CRM,br,Sudeste,YouTube,95787,1153,5047.9,14643.58,284,171,40,37648,5932,1894,,
01/01/2025,CAMP004,Email Black Friday,Email,Retenção,CRM,Brasil,Sudeste,Facebook,N/A,5949,4965.22,248033.03,1466,1161,709,37665,34937,13563,Mobile,Returning
01/04/2025,CAMP007,YouTube Ads,Video,Aquisição,Google,brazil,,Email,89787,1388,1458.57,28062.21,135,95,122,27091,24468,14179,tablet,New
04/01/2025,CAMP002,Meta Ads,Social,Aquisição,Meta,BRA,sudeste,Instagram,79311,1402,4010.54,19303.69,174,55,70,22209,6516,416,tablet,returning
14/03/2025,CAMP004,Email Black Friday,Email,Retenção,CRM,brazil,Centro-Oeste,Instagram,86481,3395,2164.57,21278.58,758,211,121,43687,21976,591,Mobile,Returning
18/06/2025,CAMP006,Influenciadores,Influencer,Brand Awareness,Influencers,Brasil,Sul,Meta,42211,2414,549.15,36037.14,642,375,157,35033,12938,11159,tablet,
25/04/2025,CAMP008,Newsletter,Email,Retenção,CRM,Brasil,Nordeste,Facebook,10974,621,3271.12,10703.66,105,60,26,8045,279,18,mobile,returning
12/04/2025,CAMP004,Email Black Friday,Email,Retenção,CRM,br,Nordeste,YouTube,113199,3808,6225.91,99868.92,1262,720,400,42628,40581,23092,desktop,new
13/02/2025,CAMP004,Email Black Friday,Email,Retenção,CRM,BRA,sudeste,YouTube,100022,5203,6215.79,188240.36,863,294,493,37575,24260,22483,desktop,New
17/06/2025,CAMP004,Email Black Friday,Email,Retenção,CRM,Brasil,Nordeste,Facebook,23298,1495,977.56,10338.16,356,101,70,7683,5837,3052,Desktop,returning
14/02/2025,CAMP005,Remarketing,Display,Conversão,Google,brasil,Sul,Email,8688,338,3881.83,2363.92,116,48,14,33849,16078,6999,mobile,new
12/06/2025,CAMP002,Meta Ads,Social,Aquisição,Meta,BR,Nordeste,Meta,91103,5697,6259.88,108994.46,871,602,389,35269,16498,4406,Desktop,Returning
03/04/2025,CAMP005,Remarketing,Display,Conversão,Google,brazil,Centro-Oeste,Google,60261,774,4300.72,25927.37,64,24,64,22518,17059,4267,,New
13/06/2025,CAMP004,Email Black Friday,Email,Retenção,CRM,BRA,Sul,YouTube,7419,397,6126.21,16122.51,62,26,43,32110,9664,258,Mobile,
06/01/2025,CAMP003,Instagram,Social,Brand Awareness,Meta,brazil,Sudeste,Email,63268,925,6298.12,18902.22,294,146,84,45070,15595,5679,Mobile,returning
15/01/2025,CAMP004,Email Black Friday,Email,Retenção,CRM,brazil,Sudeste,Email,15564,15564,5190.9,5182.66,29,15,17,15298,13827,6676,desktop,new
18/06/2025,CAMP003,Instagram,Social,Brand Awareness,Meta,BRA,,Instagram,13484,523,1015.19,9544.29,108,79,34,4869,2794,1255,,Returning
21/06/2025,CAMP005,Remarketing,Display,Conversão,Google,brazil,Sudeste,Email,8823,530,4266.13,2866.32,100,62,13,7718,1731,26,Desktop,new
26/02/2025,CAMP005,Remarketing,Display,Conversão,Google,BRA,sudeste,YouTube,86015,4571,652.83,51384.69,753,271,209,14864,1525,989,desktop,New
12/02/2025,CAMP005,Remarketing,Display,Conversão,Google,br,Sudeste,Google,28284,504,540.8,4294.78,144,106,27,5656,2110,1334,tablet,returning
05/06/2025,CAMP003,Instagram,Social,Brand Awareness,Meta,BRA,Sudeste,YouTube,80010,4000,4312.13,25879.62,1321,378,312,8232,5614,3337,desktop,new
15/03/2025,CAMP008,Newsletter,Email,Retenção,CRM,BRAZIL,Sul,Instagram,79387,2307,2839.48,31276.64,746,348,222,44417,22554,12672,mobile,returning
26/05/2025,CAMP003,Instagram,Social,Brand Awareness,Meta,brazil,,Facebook,73147,4062,2343.68,67643.58,797,404,402,25028,6560,2725,desktop,returning
18/05/2025,CAMP003,Instagram,Social,Brand Awareness,Meta,BR,Nordeste,Meta,101730,4330,5402.45,76105.78,668,264,339,25673,5239,292,Desktop,
13/02/2025,CAMP003,Instagram,Social,Brand Awareness,Meta,Brasil,Centro-Oeste,Instagram,39674,2489,861.83,38386.68,521,387,167,4849,1058,274,desktop,New
15/06/2025,CAMP003,Instagram,Social,Brand Awareness,Meta,BR,Nordeste,Facebook,43428,786,5298.14,12865.22,91,47,32,13342,12239,11419,tablet,Returning
18/03/2025,CAMP005,Remarketing,Display,Conversão,Google,BR,Nordeste,Meta,10674,192,2289.45,4185.98,31,9,15,40713,2400,1705,desktop,Returning
27/03/2025,CAMP002,Meta Ads,Social,Aquisição,Meta,Brasil,Centro-Oeste,Meta,74072,2180,5950.79,10402.56,444,196,90,47008,32875,1626,Desktop,Returning
17/02/2025,CAMP002,Meta Ads,Social,Aquisição,Meta,BRA,Sudeste,YouTube,78844,3968,555.55,37389.33,594,442,412,15167,916,897,Desktop,Returning
20/02/2025,CAMP004,Email Black Friday,Email,Retenção,CRM,br,Sudeste,Facebook,15360,705,4323.97,5834.16,85,58,26,35579,9032,7963,tablet,
04/02/2025,CAMP007,YouTube Ads,Video,Aquisição,Google,BR,,Instagram,93365,3045,3430.07,15599.91,366,112,62,44858,15295,14837,desktop,New
13/06/2025,CAMP003,Instagram,Social,Brand Awareness,Meta,brazil,Sudeste,Email,49645,1324,3273.41,4246.71,345,185,110,42881,13546,6805,tablet,
17/05/2025,CAMP006,Influenciadores,Influencer,Brand Awareness,Influencers,BRA,sudeste,YouTube,78616,4696,3264.34,45095.07,1054,672,487,43244,8776,4327,Desktop,Returning
22/02/2025,CAMP002,Meta Ads,Social,Aquisição,Meta,br,Nordeste,Instagram,54004,1773,252.29,13177.49,230,71,110,35319,13584,10399,Mobile,Returning
01/01/2025,CAMP007,YouTube Ads,Video,Aquisição,Google,BR,sudeste,Instagram,109505,3851,1789.98,89109.03,1339,840,479,30685,26637,2180,tablet,returning
19/03/2025,CAMP006,Influenciadores,Influencer,Brand Awareness,Influencers,br,Sul,Email,86067,3899,3872.26,70108.87,919,402,348,27325,22597,1903,tablet,new
08/05/2025,CAMP005,Remarketing,Display,Conversão,Google,BR,Nordeste,Email,16698,524,3398.25,18838.17,47,24,47,2949,244,48,Mobile,Returning
05/05/2025,CAMP006,Influenciadores,Influencer,Brand Awareness,Influencers,BR,Sudeste,Instagram,50592,643,1327.37,4573.55,223,135,24,25240,21845,9228,,
23/06/2025,CAMP003,Instagram,Social,Brand Awareness,Meta,brazil,Centro-Oeste,Meta,91760,3109,5455.84,42970.05,940,609,344,34607,24578,9243,desktop,
24/06/2025,CAMP004,Email Black Friday,Email,Retenção,CRM,BR,,Instagram,71673,591,864.4,7409.2,100,45,66,35928,30552,15136,Mobile,Returning
23/05/2025,CAMP001,Google Ads,Search,Aquisição,Google,BRA,Sudeste,Meta,20619,282,5431.84,4960.32,60,15,12,10415,5718,2068,tablet,returning
25/03/2025,CAMP004,Email Black Friday,Email,Retenção,CRM,BR,Sudeste,Email,14649,623,4201.32,14688.26,142,112,57,11679,10985,4861,Desktop,new
27/05/2025,CAMP005,Remarketing,Display,Conversão,Google,brazil,Nordeste,Meta,47923,1823,4056.61,12292.18,223,128,57,2669,2538,1931,,New
29/06/2025,CAMP006,Influenciadores,Influencer,Brand Awareness,Influencers,Brasil,,Email,107439,1244,2477.0,"R$ 36392,65",423,132,108,25918,7207,5292,tablet,Returning
25/03/2025,CAMP002,Meta Ads,Social,Aquisição,Meta,BRA,Sul,Google,18280,432,183.81,11697.66,74,31,43,30119,15025,7145,desktop,New
02/06/2025,CAMP005,Remarketing,Display,Conversão,Google,BR,Sudeste,Instagram,67040,3064,4825.38,64724.28,300,94,236,3368,2869,531,Desktop,Returning
18/03/2025,CAMP006,Influenciadores,Influencer,Brand Awareness,Influencers,brazil,Sudeste,Facebook,14862,434,4974.23,6174.72,88,51,18,18997,3679,817,mobile,
05/03/2025,CAMP003,Instagram,Social,Brand Awareness,Meta,BRA,Centro-Oeste,Google,100740,4014,763.34,130362.89,1178,536,323,31175,16292,10225,mobile,New
17/01/2025,CAMP006,Influenciadores,Influencer,Brand Awareness,Influencers,BR,,YouTube,54648,1690,,18286.08,558,280,134,38132,17861,13829,desktop,New
27/05/2025,CAMP003,Instagram,Social,Brand Awareness,Meta,br,,Facebook,111034,1602,793.03,42564.29,347,240,113,9303,947,25,mobile,
16/04/2025,CAMP004,Email Black Friday,Email,Retenção,CRM,Brasil,,Meta,69236,2099,4610.35,46703.42,725,236,158,47353,46785,45320,tablet,Returning
26/01/2025,CAMP004,Email Black Friday,Email,Retenção,CRM,Brasil,Centro-Oeste,Instagram,58281,3547,858.62,61041.84,1238,508,167,34637,7741,5165,,New
21/05/2025,CAMP006,Influenciadores,Influencer,Brand Awareness,Influencers,BR,Sudeste,Email,38387,373,5779.84,3355.71,72,38,12,11529,1291,150,,
16/02/2025,CAMP002,Meta Ads,Social,Aquisição,Meta,brazil,Sudeste,Instagram,38593,1922,5573.0,54336.8,175,80,154,39164,31541,3465,Desktop,new
08/05/2025,CAMP003,Instagram,Social,Brand Awareness,Meta,BR,,Email,55070,2071,3469.11,26482.78,235,83,198,11903,400,364,mobile,
27/06/2025,CAMP004,Email Black Friday,Email,Retenção,CRM,BR,Centro-Oeste,Google,10212,548,415.57,6134.57,127,59,27,4691,3841,252,,
18/05/2025,CAMP003,Instagram,Social,Brand Awareness,Meta,Brasil,sudeste,Meta,10487,443,6186.26,6363.61,124,66,39,47253,2459,96,tablet,returning
14/04/2025,CAMP002,Meta Ads,Social,Aquisição,Meta,br,Nordeste,Meta,20419,784,349.15,8273.49,196,94,60,8292,7142,6000,Mobile,Returning
09/03/2025,CAMP001,Google Ads,Search,Aquisição,Google,BR,Nordeste,Facebook,30772,790,1486.43,12421.64,114,63,66,29109,20754,4301,tablet,New
03/05/2025,CAMP001,Google Ads,Search,Aquisição,Google,Brasil,Centro-Oeste,Facebook,65522,1825,1838.43,11911.62,160,107,52,47099,9945,910,mobile,new
15/04/2025,CAMP007,YouTube Ads,Video,Aquisição,Google,BRA,Nordeste,Meta,104445,1914,3067.72,68004.39,270,113,163,7655,6190,771,Desktop,new
14/05/2025,CAMP006,Influenciadores,Influencer,Brand Awareness,Influencers,BR,Centro-Oeste,YouTube,115234,6363,1121.82,114362.23,1218,891,454,21079,17101,642,Mobile,returning
27/03/2025,CAMP006,Influenciadores,Influencer,Brand Awareness,Influencers,brazil,Nordeste,YouTube,30362,892,3673.4,"R$ 12625,32",72,43,36,28621,12823,6994,Mobile,returning
02/02/2025,CAMP004,Email Black Friday,Email,Retenção,CRM,BRA,Nordeste,Facebook,15956,369,6038.78,8675.52,118,54,40,23889,15618,7170,Mobile,returning
14/05/2025,CAMP008,Newsletter,Email,Retenção,CRM,BR,Sul,Instagram,108187,1485,4531.27,19187.19,397,251,125,49621,32926,32269,Desktop,Returning
24/06/2025,CAMP005,Remarketing,Display,Conversão,Google,brazil,Centro-Oeste,Meta,13733,366,1223.52,4808.33,42,20,14,26551,21392,2570,,New
13/03/2025,CAMP002,Meta Ads,Social,Aquisição,Meta,brazil,,Google,19404,994,636.48,13511.87,341,206,59,4909,3420,2531,Mobile,new
06/06/2025,CAMP004,Email Black Friday,Email,Retenção,CRM,brazil,Centro-Oeste,YouTube,69973,2989,4128.18,66921.37,1021,517,225,22326,4597,4536,,returning
10/06/2025,CAMP008,Newsletter,Email,Retenção,CRM,Brasil,Nordeste,Email,78251,4154,2313.16,17813.03,533,357,175,33021,528,262,,returning
02/06/2025,CAMP001,Google Ads,Search,Aquisição,Google,br,Sul,Facebook,75441,2991,5261.86,15637.92,763,495,126,4925,271,4,,new
11/03/2025,CAMP008,Newsletter,Email,Retenção,CRM,brazil,,Meta,91130,1809,5291.43,28804.27,518,255,129,17568,8031,5563,,returning
25/02/2025,CAMP004,Email Black Friday,Email,Retenção,CRM,Brasil,sudeste,Google,15204,887,2581.47,9427.45,215,157,57,46301,32911,8559,Mobile,Returning
14/03/2025,CAMP005,Remarketing,Display,Conversão,Google,Brasil,sudeste,Meta,32579,1348,4817.4,6485.89,149,82,45,10751,6907,1083,,
16/04/2025,CAMP008,Newsletter,Email,Retenção,CRM,BRA,Sudeste,Facebook,33767,1123,5629.28,9750.76,325,169,91,3994,1133,748,desktop,new
16/06/2025,CAMP007,YouTube Ads,Video,Aquisição,Google,BR,Sul,YouTube,103112,4437,5732.35,31357.69,1151,502,92,27365,25188,9814,mobile,returning
23/04/2025,CAMP006,Influenciadores,Influencer,Brand Awareness,Influencers,BRA,Centro-Oeste,YouTube,41355,1481,4511.99,4499.03,342,142,33,36285,17533,14228,Desktop,new
20/01/2025,CAMP006,Influenciadores,Influencer,Brand Awareness,Influencers,BR,Centro-Oeste,YouTube,8952,101,5843.23,1192.29,29,9,5,32876,14817,9086,mobile,
28/02/2025,CAMP004,Email Black Friday,Email,Retenção,CRM,brazil,Nordeste,Instagram,9820,551,5412.04,11872.8,72,45,33,32440,2415,1964,,New
11/04/2025,CAMP001,Google Ads,Search,Aquisição,Google,BR,Nordeste,Email,13110,637,3714.11,20527.73,135,72,60,24419,17868,15934,Desktop,
20/01/2025,CAMP001,Google Ads,Search,Aquisição,Google,br,Centro-Oeste,Meta,41976,1603,5025.4,15684.05,347,264,143,48362,20128,12977,Desktop,New
13/04/2025,CAMP002,Meta Ads,Social,Aquisição,Meta,BRA,,Google,104291,5716,4191.15,8375.2,854,241,108,24377,13969,4033,Desktop,New
14/01/2025,CAMP004,Email Black Friday,Email,Retenção,CRM,BR,Sudeste,Facebook,103848,5248,1220.6,23030.09,1432,1079,542,48599,35476,11528,mobile,Returning
09/04/2025,CAMP008,Newsletter,Email,Retenção,CRM,BRA,Sul,Email,98715,4068,2226.08,75052.8,767,475,408,35844,2994,2178,desktop,Returning
11/05/2025,CAMP004,Email Black Friday,Email,Retenção,CRM,BR,,YouTube,21459,1166,3591.87,18004.4,139,106,44,30680,5057,2775,tablet,returning
11/03/2025,CAMP008,Newsletter,Email,Retenção,CRM,brazil,,Meta,91130,1809,5291.43,28804.27,518,255,129,17568,8031,5563,,returning
25/02/2025,CAMP002,Meta Ads,Social,Aquisição,Meta,br,sudeste,Meta,117652,1485,4843.23,28834.16,445,326,174,12445,498,285,Desktop,returning
18/02/2025,CAMP005,Remarketing,Display,Conversão,Google,BRA,Centro-Oeste,Instagram,6932,269,5443.68,5743.75,43,16,25,1340,941,382,desktop,Returning
10/03/2025,CAMP007,YouTube Ads,Video,Aquisição,Google,br,Centro-Oeste,YouTube,94156,5694,,43487.71,1099,407,291,36427,31551,24277,desktop,new
09/03/2025,CAMP003,Instagram,Social,Brand Awareness,Meta,Brasil,Nordeste,Google,49757,1184,6267.34,4341.83,323,206,95,7226,5305,1378,Mobile,New
08/05/2025,CAMP001,Google Ads,Search,Aquisição,Google,br,Nordeste,Meta,15929,693,5159.6,5740.37,175,66,36,24831,13265,5424,tablet,Returning
21/03/2025,CAMP006,Influenciadores,Influencer,Brand Awareness,Influencers,BR,Sudeste,Google,82603,1547,511.97,14832.13,474,123,53,5773,4254,2272,desktop,
05/04/2025,CAMP007,YouTube Ads,Video,Aquisição,Google,brazil,Nordeste,YouTube,24781,271,5627.99,6691.14,64,50,29,12228,770,73,mobile,Returning
15/06/2025,CAMP001,Google Ads,Search,Aquisição,Google,Brasil,Nordeste,YouTube,83672,2378,3742.12,37374.56,279,158,263,10968,2462,1268,tablet,New
12/06/2025,CAMP002,Meta Ads,Social,Aquisição,Meta,Brasil,,YouTube,74110,3759,4909.96,69752.94,1247,745,305,42787,9255,1709,tablet,
09/04/2025,CAMP008,Newsletter,Email,Retenção,CRM,Brasil,Sudeste,Google,7200,59,3634.46,315.24,15,5,0,24328,20877,3987,Desktop,returning
29/05/2025,CAMP006,Influenciadores,Influencer,Brand Awareness,Influencers,BR,Sudeste,Instagram,N/A,3109,4334.87,35947.31,370,271,370,35600,23984,5167,tablet,new
30/05/2025,CAMP007,YouTube Ads,Video,Aquisição,Google,brazil,,Instagram,105776,6024,5470.72,192685.56,1699,835,518,47364,27886,1700,tablet,new
29/03/2025,CAMP007,YouTube Ads,Video,Aquisição,Google,BRA,Nordeste,Email,8327,447,340.67,20410.53,110,86,53,28230,9076,3805,Desktop,new
